#
# A fatal error has been detected by the Java Runtime Environment:
#
#  EXCEPTION_ACCESS_VIOLATION (0xc0000005) at pc=0x00007ffeea6aa161, pid=17248, tid=18276
#
# JRE version: OpenJDK Runtime Environment (21.0.6) (build 21.0.6+-13391695-b895.109)
# Java VM: OpenJDK 64-Bit Server VM (21.0.6+-13391695-b895.109, mixed mode, tiered, compressed oops, compressed class ptrs, g1 gc, windows-amd64)
# Problematic frame:
# V  [jvm.dll+0x13a161]
#
# No core dump will be written. Minidumps are not enabled by default on client versions of Windows
#
# If you would like to submit a bug report, please visit:
#   https://youtrack.jetbrains.com/issues/JBR
#

---------------  S U M M A R Y ------------

Command Line: --add-opens=java.base/java.lang=ALL-UNNAMED --add-opens=java.base/java.lang.invoke=ALL-UNNAMED --add-opens=java.base/java.util=ALL-UNNAMED --add-opens=java.prefs/java.util.prefs=ALL-UNNAMED --add-exports=jdk.compiler/com.sun.tools.javac.api=ALL-UNNAMED --add-exports=jdk.compiler/com.sun.tools.javac.util=ALL-UNNAMED --add-opens=java.base/java.util=ALL-UNNAMED --add-opens=java.prefs/java.util.prefs=ALL-UNNAMED --add-opens=java.base/java.nio.charset=ALL-UNNAMED --add-opens=java.base/java.net=ALL-UNNAMED --add-opens=java.base/java.util.concurrent.atomic=ALL-UNNAMED --add-opens=java.xml/javax.xml.namespace=ALL-UNNAMED -XX:MaxMetaspaceSize=384m -XX:+HeapDumpOnOutOfMemoryError -Xms256m -Xmx512m -Dfile.encoding=UTF-8 -Duser.country=US -Duser.language=en -Duser.variant -javaagent:C:\Users\great\.gradle\wrapper\dists\gradle-8.13-bin\5xuhj0ry160q40clulazy9h7d\gradle-8.13\lib\agents\gradle-instrumentation-agent-8.13.jar org.gradle.launcher.daemon.bootstrap.GradleDaemon 8.13

Host: AMD Ryzen 7 7800X3D 8-Core Processor           , 16 cores, 31G,  Windows 11 , 64 bit Build 26100 (10.0.26100.4520)
Time: Sun Jul  6 00:02:06 2025 Hawaiian Standard Time elapsed time: 3182.139057 seconds (0d 0h 53m 2s)

---------------  T H R E A D  ---------------

Current thread (0x00000196905af0a0):  WorkerThread "GC Thread#12"   [id=18276, stack(0x0000004c78f00000,0x0000004c79000000) (1024K)]

Stack: [0x0000004c78f00000,0x0000004c79000000],  sp=0x0000004c78fff358,  free space=1020k
Native frames: (J=compiled Java code, j=interpreted, Vv=VM code, C=native code)
V  [jvm.dll+0x13a161]


siginfo: EXCEPTION_ACCESS_VIOLATION (0xc0000005), reading address 0x0000000000000100


Registers:
RAX=0x0000000000000000, RBX=0x00000196914ee001, RCX=0x0000000100042b30, RDX=0x00000000ed1111a0
RSP=0x0000004c78fff358, RBP=0x0000000000000005, RSI=0x00000196f36a8fd0, RDI=0x00000000ed1111a0
R8 =0x0000000100042b30, R9 =0x0000000000000000, R10=0x00000196f368ea70, R11=0x000000000000000e
R12=0x00000196ff646958, R13=0x00000000000003d8, R14=0x00000196914ee0b0, R15=0x00000196ff48e730
RIP=0x00007ffeea6aa161, EFLAGS=0x0000000000010246

XMM[0]=0x0202020202020202 0x0202020202020202
XMM[1]=0x0000000000000000 0x4094e00000000000
XMM[2]=0x0000000000000000 0x0000000000000000
XMM[3]=0x0000000000000000 0x40a8dbeb9db22d0e
XMM[4]=0x0000000000000000 0x0000000000000000
XMM[5]=0x0000000000000000 0x0000000000000000
XMM[6]=0x0000000000000000 0x0000000000000000
XMM[7]=0x0000000000000000 0x0000000000000000
XMM[8]=0x0000000000000000 0x0000000000000000
XMM[9]=0x0000000000000000 0x0000000000000000
XMM[10]=0x0000000000000000 0x0000000000000000
XMM[11]=0x0000000000000000 0x0000000000000000
XMM[12]=0x0000000000000000 0x0000000000000000
XMM[13]=0x0000000000000000 0x0000000000000000
XMM[14]=0x0000000000000000 0x0000000000000000
XMM[15]=0x0000000000000000 0x0000000000000000
  MXCSR=0x00001fa0


Register to memory mapping:

RAX=0x0 is null
RBX=0x00000196914ee001 points into unknown readable memory: 00 00 00 29 e9 22 f2
RCX=0x0000000100042b30 is pointing into metadata
RDX=0x00000000ed1111a0 is an oop: java.lang.Class 
{0x00000000ed1111a0} - klass: 'java/lang/Class'
 - ---- fields (total size 14 words):
 - private volatile transient 'classRedefinedCount' 'I' @12  0 (0x00000000)
 - injected 'klass' 'J' @16  4311865768 (0x000000010101d9a8)
 - injected 'array_klass' 'J' @24  0 (0x0000000000000000)
 - injected 'oop_size' 'I' @32  14 (0x0000000e)
 - injected 'static_oop_field_count' 'I' @36  0 (0x00000000)
 - private volatile transient 'cachedConstructor' 'Ljava/lang/reflect/Constructor;' @40  null (0x00000000)
 - private transient 'name' 'Ljava/lang/String;' @44  null (0x00000000)
 - private transient 'module' 'Ljava/lang/Module;' @48  a 'java/lang/Module'{0x00000000e05ade00} (0xe05ade00)
 - private final 'classLoader' 'Ljava/lang/ClassLoader;' @52  null (0x00000000)
 - private transient 'classData' 'Ljava/lang/Object;' @56  null (0x00000000)
 - private transient 'packageName' 'Ljava/lang/String;' @60  null (0x00000000)
 - private final 'componentType' 'Ljava/lang/Class;' @64  null (0x00000000)
 - private volatile transient 'reflectionData' 'Ljava/lang/ref/SoftReference;' @68  null (0x00000000)
 - private volatile transient 'genericInfo' 'Lsun/reflect/generics/repository/ClassRepository;' @72  null (0x00000000)
 - private volatile transient 'enumConstants' '[Ljava/lang/Object;' @76  null (0x00000000)
 - private volatile transient 'enumConstantDirectory' 'Ljava/util/Map;' @80  null (0x00000000)
 - private volatile transient 'annotationData' 'Ljava/lang/Class$AnnotationData;' @84  null (0x00000000)
 - private volatile transient 'annotationType' 'Lsun/reflect/annotation/AnnotationType;' @88  null (0x00000000)
 - transient 'classValueMap' 'Ljava/lang/ClassValue$ClassValueMap;' @92  null (0x00000000)
 - injected 'protection_domain' 'Ljava/lang/Object;' @96  null (0x00000000)
 - injected 'signers_name' 'Ljava/lang/Object;' @100  null (0x00000000)
 - injected 'source_file' 'Ljava/lang/Object;' @104  null (0x00000000)
 - injected '<init_lock>' 'Ljava/lang/Object;' @108  null (0x00000000)
 - signature: Ljava/security/cert/PKIXBuilderParameters;
 - ---- static fields (0):
RSP=0x0000004c78fff358 points into unknown readable memory: 0x00007ffeea887a8a | 8a 7a 88 ea fe 7f 00 00
RBP=0x0000000000000005 is an unknown value
RSI=0x00000196f36a8fd0 points into unknown readable memory: 0x00000196f36ad8c0 | c0 d8 6a f3 96 01 00 00
RDI=0x00000000ed1111a0 is an oop: java.lang.Class 
{0x00000000ed1111a0} - klass: 'java/lang/Class'
 - ---- fields (total size 14 words):
 - private volatile transient 'classRedefinedCount' 'I' @12  0 (0x00000000)
 - injected 'klass' 'J' @16  4311865768 (0x000000010101d9a8)
 - injected 'array_klass' 'J' @24  0 (0x0000000000000000)
 - injected 'oop_size' 'I' @32  14 (0x0000000e)
 - injected 'static_oop_field_count' 'I' @36  0 (0x00000000)
 - private volatile transient 'cachedConstructor' 'Ljava/lang/reflect/Constructor;' @40  null (0x00000000)
 - private transient 'name' 'Ljava/lang/String;' @44  null (0x00000000)
 - private transient 'module' 'Ljava/lang/Module;' @48  a 'java/lang/Module'{0x00000000e05ade00} (0xe05ade00)
 - private final 'classLoader' 'Ljava/lang/ClassLoader;' @52  null (0x00000000)
 - private transient 'classData' 'Ljava/lang/Object;' @56  null (0x00000000)
 - private transient 'packageName' 'Ljava/lang/String;' @60  null (0x00000000)
 - private final 'componentType' 'Ljava/lang/Class;' @64  null (0x00000000)
 - private volatile transient 'reflectionData' 'Ljava/lang/ref/SoftReference;' @68  null (0x00000000)
 - private volatile transient 'genericInfo' 'Lsun/reflect/generics/repository/ClassRepository;' @72  null (0x00000000)
 - private volatile transient 'enumConstants' '[Ljava/lang/Object;' @76  null (0x00000000)
 - private volatile transient 'enumConstantDirectory' 'Ljava/util/Map;' @80  null (0x00000000)
 - private volatile transient 'annotationData' 'Ljava/lang/Class$AnnotationData;' @84  null (0x00000000)
 - private volatile transient 'annotationType' 'Lsun/reflect/annotation/AnnotationType;' @88  null (0x00000000)
 - transient 'classValueMap' 'Ljava/lang/ClassValue$ClassValueMap;' @92  null (0x00000000)
 - injected 'protection_domain' 'Ljava/lang/Object;' @96  null (0x00000000)
 - injected 'signers_name' 'Ljava/lang/Object;' @100  null (0x00000000)
 - injected 'source_file' 'Ljava/lang/Object;' @104  null (0x00000000)
 - injected '<init_lock>' 'Ljava/lang/Object;' @108  null (0x00000000)
 - signature: Ljava/security/cert/PKIXBuilderParameters;
 - ---- static fields (0):
R8 =0x0000000100042b30 is pointing into metadata
R9 =0x0 is null
R10=0x00000196f368ea70 points into unknown readable memory: 0x00007ffeeaed93c0 | c0 93 ed ea fe 7f 00 00
R11=0x000000000000000e is an unknown value
R12=0x00000196ff646958 points into unknown readable memory: 0x80000f005736e16b | 6b e1 36 57 00 0f 00 80
R13=0x00000000000003d8 is an unknown value
R14=0x00000196914ee0b0 points into unknown readable memory: 0x00007ffeeaee2108 | 08 21 ee ea fe 7f 00 00
R15=0x00000196ff48e730 points into unknown readable memory: 0x000001960000000d | 0d 00 00 00 96 01 00 00

Top of Stack: (sp=0x0000004c78fff358)
0x0000004c78fff358:   00007ffeea887a8a 00000196ff646958
0x0000004c78fff368:   00000196990479b8 00000196914ee1d8
0x0000004c78fff378:   0000019699047910 00000000ed1111a0
0x0000004c78fff388:   00007ffeea8d55a5 00000196914ee0e8
0x0000004c78fff398:   0000000000000014 000001969944c260
0x0000004c78fff3a8:   0000000000000059 000001969944c200
0x0000004c78fff3b8:   00007ffeea79170d 000001969944c260
0x0000004c78fff3c8:   00000196914ee0e8 0000004c768fe701
0x0000004c78fff3d8:   00007ffeead82157 00000196914ee148
0x0000004c78fff3e8:   00007ffeea8c4d0b 00000196914ee148
0x0000004c78fff3f8:   00000196914ee238 0000000000000005
0x0000004c78fff408:   00007ffeea8b7d22 00000196fa8e1880
0x0000004c78fff418:   00007ffeea793a18 0000000768989d38
0x0000004c78fff428:   0000000000000000 0000000768989d39
0x0000004c78fff438:   0000000000000000 0000004c768fe701
0x0000004c78fff448:   00007ffeea8d64de 00000196914ee238
0x0000004c78fff458:   0000004c768fe760 00000196914ee160
0x0000004c78fff468:   0000000000000005 0000000000000000
0x0000004c78fff478:   0000000000000000 00007ffeeaedd7f0
0x0000004c78fff488:   0000000768989d39 0000000000000000
0x0000004c78fff498:   0000004c00000005 00000196ff48e730
0x0000004c78fff4a8:   0000019600000005 0000000000000000
0x0000004c78fff4b8:   0000000000000000 0000000000000000
0x0000004c78fff4c8:   0000019698761270 00000000000003d8
0x0000004c78fff4d8:   00000196ff646900 00000196ff646570
0x0000004c78fff4e8:   00000196ff646580 0000004c768fe760
0x0000004c78fff4f8:   00007ffeea8d6324 00000196914ee0b0
0x0000004c78fff508:   00000196ff48e730 0000000000000005
0x0000004c78fff518:   0000004c768fe760 0000000000000005
0x0000004c78fff528:   0000000000000008 0000000000000005
0x0000004c78fff538:   0000000000000080 0000000000000000
0x0000004c78fff548:   00007ffeeac31a31 0000000000000008 

Instructions: (pc=0x00007ffeea6aa161)
0x00007ffeea6aa061:   08 8b 0d b0 7e 9f 00 49 d3 e0 4c 03 05 9e 7e 9f
0x00007ffeea6aa071:   00 eb 04 4c 8b 41 08 45 8b 48 08 45 85 c9 7e 0e
0x00007ffeea6aa081:   41 f6 c1 01 75 53 41 c1 f9 03 49 63 c1 c3 79 49
0x00007ffeea6aa091:   84 c0 41 b8 0c 00 00 00 8b 05 69 8f 9f 00 b9 10
0x00007ffeea6aa0a1:   00 00 00 41 0f 45 c8 ff c8 4c 63 c0 41 8b c1 48
0x00007ffeea6aa0b1:   c1 f8 10 0f b6 c0 48 63 14 11 41 8b c9 83 e1 3f
0x00007ffeea6aa0c1:   48 d3 e2 49 8d 0c 10 49 f7 d0 48 03 c1 49 c1 e8
0x00007ffeea6aa0d1:   03 48 c1 e8 03 49 23 c0 c3 49 8b 00 49 8b c8 48
0x00007ffeea6aa0e1:   ff a0 00 01 00 00 cc cc cc cc cc cc cc cc cc 4c
0x00007ffeea6aa0f1:   8b c2 48 8b d1 45 8b 48 08 45 85 c9 7e 0e 41 f6
0x00007ffeea6aa101:   c1 01 75 56 41 c1 f9 03 49 63 c1 c3 79 4c 80 3d
0x00007ffeea6aa111:   fa 90 9f 00 00 b8 0c 00 00 00 b9 10 00 00 00 0f
0x00007ffeea6aa121:   45 c8 8b 05 df 8e 9f 00 ff c8 4c 63 c0 41 8b c1
0x00007ffeea6aa131:   48 c1 f8 10 48 63 14 11 41 8b c9 83 e1 3f 0f b6
0x00007ffeea6aa141:   c0 48 d3 e2 49 8d 0c 10 49 f7 d0 48 03 c1 49 c1
0x00007ffeea6aa151:   e8 03 48 c1 e8 03 49 23 c0 c3 49 8b 00 49 8b c8
0x00007ffeea6aa161:   48 ff a0 00 01 00 00 cc cc cc cc cc cc cc cc 40
0x00007ffeea6aa171:   53 48 83 ec 20 48 8b d9 49 8b c0 33 c9 45 0f b6
0x00007ffeea6aa181:   c1 48 89 0b 48 89 4b 08 48 8b cb 48 89 53 10 48
0x00007ffeea6aa191:   8b d0 e8 28 09 00 00 48 8b c3 48 83 c4 20 5b c3
0x00007ffeea6aa1a1:   cc cc cc cc cc cc cc cc cc cc cc cc cc cc cc 40
0x00007ffeea6aa1b1:   53 48 83 ec 20 33 c0 44 88 41 10 45 0f b6 c1 48
0x00007ffeea6aa1c1:   89 01 48 89 41 08 48 8b d9 e8 01 0a 00 00 48 8b
0x00007ffeea6aa1d1:   c3 48 83 c4 20 5b c3 cc cc cc cc cc cc cc cc 40
0x00007ffeea6aa1e1:   53 48 83 ec 20 33 c0 48 8b d9 48 89 01 48 89 41
0x00007ffeea6aa1f1:   08 e8 99 0b 00 00 48 8b c3 48 83 c4 20 5b c3 48
0x00007ffeea6aa201:   8b c1 48 8b 09 48 85 c9 74 3c 48 8b 40 08 48 83
0x00007ffeea6aa211:   c0 3f 48 c1 e8 06 48 8d 14 c5 00 00 00 00 48 3b
0x00007ffeea6aa221:   15 52 93 9f 00 0f 82 c4 04 f8 ff 48 8b 05 35 51
0x00007ffeea6aa231:   a7 00 48 ff ca 48 03 d0 48 ff c8 48 f7 d0 48 23
0x00007ffeea6aa241:   d0 e9 b9 8d 58 00 c3 cc cc cc cc cc cc cc cc 48
0x00007ffeea6aa251:   83 ec 38 48 8d 0c cd 00 00 00 00 48 3b 0d 15 93 


Stack slot to memory mapping:

stack at sp + 0 slots: 0x00007ffeea887a8a jvm.dll
stack at sp + 1 slots: 0x00000196ff646958 points into unknown readable memory: 0x80000f005736e16b | 6b e1 36 57 00 0f 00 80
stack at sp + 2 slots: 0x00000196990479b8 points into unknown readable memory: 0x00000000f9036bd0 | d0 6b 03 f9 00 00 00 00
stack at sp + 3 slots: 0x00000196914ee1d8 points into unknown readable memory: 0x00007ffeeaee2060 | 60 20 ee ea fe 7f 00 00
stack at sp + 4 slots: 0x0000019699047910 points into unknown readable memory: 0x00000000f967a510 | 10 a5 67 f9 00 00 00 00
stack at sp + 5 slots: 0x00000000ed1111a0 is an oop: java.lang.Class 
{0x00000000ed1111a0} - klass: 'java/lang/Class'
 - ---- fields (total size 14 words):
 - private volatile transient 'classRedefinedCount' 'I' @12  0 (0x00000000)
 - injected 'klass' 'J' @16  4311865768 (0x000000010101d9a8)
 - injected 'array_klass' 'J' @24  0 (0x0000000000000000)
 - injected 'oop_size' 'I' @32  14 (0x0000000e)
 - injected 'static_oop_field_count' 'I' @36  0 (0x00000000)
 - private volatile transient 'cachedConstructor' 'Ljava/lang/reflect/Constructor;' @40  null (0x00000000)
 - private transient 'name' 'Ljava/lang/String;' @44  null (0x00000000)
 - private transient 'module' 'Ljava/lang/Module;' @48  a 'java/lang/Module'{0x00000000e05ade00} (0xe05ade00)
 - private final 'classLoader' 'Ljava/lang/ClassLoader;' @52  null (0x00000000)
 - private transient 'classData' 'Ljava/lang/Object;' @56  null (0x00000000)
 - private transient 'packageName' 'Ljava/lang/String;' @60  null (0x00000000)
 - private final 'componentType' 'Ljava/lang/Class;' @64  null (0x00000000)
 - private volatile transient 'reflectionData' 'Ljava/lang/ref/SoftReference;' @68  null (0x00000000)
 - private volatile transient 'genericInfo' 'Lsun/reflect/generics/repository/ClassRepository;' @72  null (0x00000000)
 - private volatile transient 'enumConstants' '[Ljava/lang/Object;' @76  null (0x00000000)
 - private volatile transient 'enumConstantDirectory' 'Ljava/util/Map;' @80  null (0x00000000)
 - private volatile transient 'annotationData' 'Ljava/lang/Class$AnnotationData;' @84  null (0x00000000)
 - private volatile transient 'annotationType' 'Lsun/reflect/annotation/AnnotationType;' @88  null (0x00000000)
 - transient 'classValueMap' 'Ljava/lang/ClassValue$ClassValueMap;' @92  null (0x00000000)
 - injected 'protection_domain' 'Ljava/lang/Object;' @96  null (0x00000000)
 - injected 'signers_name' 'Ljava/lang/Object;' @100  null (0x00000000)
 - injected 'source_file' 'Ljava/lang/Object;' @104  null (0x00000000)
 - injected '<init_lock>' 'Ljava/lang/Object;' @108  null (0x00000000)
 - signature: Ljava/security/cert/PKIXBuilderParameters;
 - ---- static fields (0):
stack at sp + 6 slots: 0x00007ffeea8d55a5 jvm.dll
stack at sp + 7 slots: 0x00000196914ee0e8 points into unknown readable memory: 0x00007ffeeaee20d8 | d8 20 ee ea fe 7f 00 00


---------------  P R O C E S S  ---------------

Threads class SMR info:
_java_thread_list=0x00000196927cba40, length=267, elements={
0x00000196f367be00, 0x00000196fac30260, 0x00000196fac30cb0, 0x00000196fac3e220,
0x00000196fac3e880, 0x00000196fac31af0, 0x00000196fac32540, 0x00000196fac78650,
0x00000196fac7bae0, 0x00000196fac1f710, 0x00000196ff001590, 0x000001969066f4e0,
0x000001969066e010, 0x000001969066b8b0, 0x000001969063f3c0, 0x000001969063ed30,
0x000001969063fa50, 0x0000019690640e00, 0x0000019690641490, 0x000001969183d8d0,
0x000001969183f310, 0x000001969183df60, 0x000001969183e5f0, 0x000001969183be90,
0x000001969183ec80, 0x000001969183c520, 0x000001969183cbb0, 0x000001969183d240,
0x0000019691182d90, 0x0000019691180630, 0x000001969117ffa0, 0x0000019691184140,
0x0000019691183420, 0x0000019691183ab0, 0x0000019691180cc0, 0x00000196911819e0,
0x00000196962e78f0, 0x0000019696353660, 0x00000196994c32c0, 0x00000196994c3950,
0x00000196994c3fe0, 0x000001969d193570, 0x000001969d193c00, 0x000001969d191b30,
0x000001969d1914a0, 0x000001969d192850, 0x000001969d194290, 0x000001969d190e10,
0x000001969d1921c0, 0x000001969d192ee0, 0x0000019698043a70, 0x0000019698046860,
0x0000019698044100, 0x0000019698044e20, 0x0000019698044790, 0x0000019698045b40,
0x00000196980454b0, 0x00000196980461d0, 0x00000196980433e0, 0x0000019693a63c30,
0x0000019693a65670, 0x0000019693a66390, 0x0000019693a64950, 0x0000019693a635a0,
0x0000019693a642c0, 0x0000019693a65d00, 0x0000019693a64fe0, 0x0000019693a62f10,
0x000001969bcb1b90, 0x000001969bcb07e0, 0x000001969bcaf430, 0x000001969bcafac0,
0x000001969bcb28b0, 0x000001969bcb0e70, 0x0000019691cc5b50, 0x0000019691cc4e30,
0x0000019691cc26d0, 0x0000019699362cd0, 0x000001969935fee0, 0x0000019699360570,
0x0000019699360c00, 0x0000019697f3fa20, 0x00000196983608d0, 0x000001969835e170,
0x000001969835f520, 0x000001969835e800, 0x000001969835fbb0, 0x000001969835ee90,
0x000001969835d450, 0x000001969835dae0, 0x000001968fb3f810, 0x000001968fb3c390,
0x00000196962e6bd0, 0x00000196994c2c30, 0x00000196994c0b60, 0x00000196994c11f0,
0x00000196994c1880, 0x0000019697f582d0, 0x000001968fa0a790, 0x000001968fa0ae20,
0x0000019698fbbce0, 0x0000019698fb9c10, 0x00000196969983a0, 0x0000019696997d10,
0x00000196969990c0, 0x0000019696998a30, 0x00000196923ff2c0, 0x00000196923fec30,
0x00000196923ff950, 0x00000196923fffe0, 0x0000019692401390, 0x0000019692400670,
0x0000019692400d00, 0x000001969bcb0150, 0x000001969bcb2220, 0x000001969bcb1500,
0x0000019698c77d70, 0x0000019698c776e0, 0x0000019698c79e40, 0x0000019698c78a90,
0x0000019698c797b0, 0x0000019698c77050, 0x0000019698c79120, 0x0000019698c769c0,
0x00000196985bb530, 0x00000196985baea0, 0x00000196985bc8e0, 0x00000196985ba180,
0x0000019691cc54c0, 0x000001969cae7680, 0x0000019695aaf5d0, 0x0000019699d56ec0,
0x0000019699d57550, 0x0000019699d58270, 0x0000019699d55480, 0x0000019699d55b10,
0x0000019699d57be0, 0x0000019699d561a0, 0x0000019699d56830, 0x000001969b7a0070,
0x000001969b79f350, 0x000001969b79e630, 0x000001969b79f9e0, 0x000001969b7a0700,
0x000001969b79d910, 0x0000019695434020, 0x000001969d2e3250, 0x000001969751bfe0,
0x000001969751e0b0, 0x000001969a49ab00, 0x000001969a49b190, 0x00000196957d67e0,
0x00000196957d4710, 0x00000196987682c0, 0x0000019698768950, 0x00000196957d7500,
0x00000196957d5ac0, 0x000001969d409f50, 0x000001969d409230, 0x0000019691cc47a0,
0x0000019691cc33f0, 0x0000019691cc2d60, 0x0000019691cc3a80, 0x0000019691cc4110,
0x00000196954346b0, 0x0000019695434d40, 0x00000196954353d0, 0x00000196954325e0,
0x0000019695432c70, 0x00000196985ba810, 0x00000196985bbbc0, 0x00000196985bd600,
0x00000196985bc250, 0x00000196985bcf70, 0x0000019695d6e4d0, 0x0000019695d6d730,
0x00000196915f8530, 0x00000196915f8bc0, 0x00000196915fb320, 0x00000196915fa600,
0x00000196915f7ea0, 0x00000196915f9250, 0x00000196915f98e0, 0x0000019697f40740,
0x0000019697f40dd0, 0x0000019697f41460, 0x0000019698de2720, 0x0000019698de1370,
0x0000019698de2db0, 0x0000019698ddffc0, 0x0000019698de0650, 0x00000196965a65d0,
0x0000019698fba2a0, 0x0000019698fba930, 0x0000019698fbb650, 0x0000019698fbc370,
0x0000019695ab23c0, 0x0000019695aafc60, 0x0000019695ab1d30, 0x0000019695ab16a0,
0x00000196925ea070, 0x00000196925e8630, 0x00000196925e9350, 0x00000196925e8cc0,
0x00000196925ea700, 0x0000019693a58480, 0x0000019693a591a0, 0x0000019698ddf930,
0x0000019698de0ce0, 0x0000019698de2090, 0x0000019698de1a00, 0x0000019696f64e80,
0x0000019696f65ba0, 0x0000019696f62db0, 0x0000019696f63440, 0x0000019696f65510,
0x0000019696f647f0, 0x0000019696f64160, 0x0000019696f62720, 0x0000019696f63ad0,
0x0000019691c3ac80, 0x0000019691c39f60, 0x0000019691182070, 0x00000196911847d0,
0x0000019691184e60, 0x00000196911854f0, 0x0000019691185b80, 0x0000019691182700,
0x0000019691186210, 0x00000196911868a0, 0x0000019691186f30, 0x00000196911875c0,
0x000001969345ea00, 0x000001969345f720, 0x000001969345c2a0, 0x000001969345c930,
0x000001969345fdb0, 0x0000019695d70080, 0x000001969b2557f0, 0x000001969b256ba0,
0x000001969b256510, 0x000001969b255160, 0x000001969b254440, 0x000001969b257230,
0x000001969b254ad0, 0x000001969d407e80, 0x000001969d408ba0, 0x0000019699362640,
0x0000019699363360, 0x0000019699361290, 0x0000019699361920, 0x0000019699361fb0,
0x000001968f658cd0, 0x000001969a307360, 0x000001969a307a30, 0x0000019698baca90,
0x000001969d2e3ff0, 0x000001969a305820, 0x0000019693a58b10, 0x0000019694ebf3c0,
0x0000019694ebfa50, 0x0000019695433990, 0x0000019691c38520, 0x0000019691c38bb0,
0x0000019691c3a5f0, 0x0000019691c39240, 0x000001968f656c00
}

Java Threads: ( => current thread )
  0x00000196f367be00 JavaThread "main"                              [_thread_blocked, id=29504, stack(0x0000004c76100000,0x0000004c76200000) (1024K)]
  0x00000196fac30260 JavaThread "Reference Handler"          daemon [_thread_blocked, id=14808, stack(0x0000004c76900000,0x0000004c76a00000) (1024K)]
  0x00000196fac30cb0 JavaThread "Finalizer"                  daemon [_thread_blocked, id=25112, stack(0x0000004c76a00000,0x0000004c76b00000) (1024K)]
  0x00000196fac3e220 JavaThread "Signal Dispatcher"          daemon [_thread_blocked, id=23208, stack(0x0000004c76b00000,0x0000004c76c00000) (1024K)]
  0x00000196fac3e880 JavaThread "Attach Listener"            daemon [_thread_blocked, id=8028, stack(0x0000004c76c00000,0x0000004c76d00000) (1024K)]
  0x00000196fac31af0 JavaThread "Service Thread"             daemon [_thread_blocked, id=16972, stack(0x0000004c76d00000,0x0000004c76e00000) (1024K)]
  0x00000196fac32540 JavaThread "Monitor Deflation Thread"   daemon [_thread_blocked, id=37784, stack(0x0000004c76e00000,0x0000004c76f00000) (1024K)]
  0x00000196fac78650 JavaThread "C2 CompilerThread0"         daemon [_thread_blocked, id=33100, stack(0x0000004c76f00000,0x0000004c77000000) (1024K)]
  0x00000196fac7bae0 JavaThread "C1 CompilerThread0"         daemon [_thread_blocked, id=14268, stack(0x0000004c77000000,0x0000004c77100000) (1024K)]
  0x00000196fac1f710 JavaThread "Common-Cleaner"             daemon [_thread_blocked, id=580, stack(0x0000004c77100000,0x0000004c77200000) (1024K)]
  0x00000196ff001590 JavaThread "Notification Thread"        daemon [_thread_blocked, id=29968, stack(0x0000004c77500000,0x0000004c77600000) (1024K)]
  0x000001969066f4e0 JavaThread "Daemon health stats"               [_thread_blocked, id=40516, stack(0x0000004c78100000,0x0000004c78200000) (1024K)]
  0x000001969066e010 JavaThread "Incoming local TCP Connector on port 55246"        [_thread_in_native, id=41220, stack(0x0000004c78200000,0x0000004c78300000) (1024K)]
  0x000001969066b8b0 JavaThread "Daemon periodic checks"            [_thread_blocked, id=38956, stack(0x0000004c78300000,0x0000004c78400000) (1024K)]
  0x000001969063f3c0 JavaThread "Cache worker for journal cache (C:\Users\great\.gradle\caches\journal-1)"        [_thread_blocked, id=8096, stack(0x0000004c79200000,0x0000004c79300000) (1024K)]
  0x000001969063ed30 JavaThread "File lock request listener"        [_thread_in_native, id=10840, stack(0x0000004c79300000,0x0000004c79400000) (1024K)]
  0x000001969063fa50 JavaThread "Cache worker for file hash cache (C:\Users\great\.gradle\caches\8.13\fileHashes)"        [_thread_blocked, id=38548, stack(0x0000004c79400000,0x0000004c79500000) (1024K)]
  0x0000019690640e00 JavaThread "File watcher server"        daemon [_thread_blocked, id=40036, stack(0x0000004c79700000,0x0000004c79800000) (1024K)]
  0x0000019690641490 JavaThread "File watcher consumer"      daemon [_thread_blocked, id=17864, stack(0x0000004c79800000,0x0000004c79900000) (1024K)]
  0x000001969183d8d0 JavaThread "jar transforms"                    [_thread_blocked, id=36192, stack(0x0000004c77600000,0x0000004c77700000) (1024K)]
  0x000001969183f310 JavaThread "jar transforms Thread 2"           [_thread_blocked, id=13796, stack(0x0000004c77700000,0x0000004c77800000) (1024K)]
  0x000001969183df60 JavaThread "jar transforms Thread 3"           [_thread_blocked, id=35876, stack(0x0000004c77800000,0x0000004c77900000) (1024K)]
  0x000001969183e5f0 JavaThread "jar transforms Thread 4"           [_thread_blocked, id=27408, stack(0x0000004c77900000,0x0000004c77a00000) (1024K)]
  0x000001969183be90 JavaThread "jar transforms Thread 5"           [_thread_blocked, id=21704, stack(0x0000004c79900000,0x0000004c79a00000) (1024K)]
  0x000001969183ec80 JavaThread "jar transforms Thread 6"           [_thread_blocked, id=14836, stack(0x0000004c79a00000,0x0000004c79b00000) (1024K)]
  0x000001969183c520 JavaThread "jar transforms Thread 7"           [_thread_blocked, id=46200, stack(0x0000004c79b00000,0x0000004c79c00000) (1024K)]
  0x000001969183cbb0 JavaThread "jar transforms Thread 8"           [_thread_blocked, id=35372, stack(0x0000004c79c00000,0x0000004c79d00000) (1024K)]
  0x000001969183d240 JavaThread "jar transforms Thread 9"           [_thread_blocked, id=34112, stack(0x0000004c79d00000,0x0000004c79e00000) (1024K)]
  0x0000019691182d90 JavaThread "jar transforms Thread 10"          [_thread_blocked, id=3796, stack(0x0000004c79e00000,0x0000004c79f00000) (1024K)]
  0x0000019691180630 JavaThread "jar transforms Thread 11"          [_thread_blocked, id=552, stack(0x0000004c79f00000,0x0000004c7a000000) (1024K)]
  0x000001969117ffa0 JavaThread "jar transforms Thread 12"          [_thread_blocked, id=47564, stack(0x0000004c7a000000,0x0000004c7a100000) (1024K)]
  0x0000019691184140 JavaThread "jar transforms Thread 13"          [_thread_blocked, id=46552, stack(0x0000004c7a100000,0x0000004c7a200000) (1024K)]
  0x0000019691183420 JavaThread "jar transforms Thread 14"          [_thread_blocked, id=12512, stack(0x0000004c7a200000,0x0000004c7a300000) (1024K)]
  0x0000019691183ab0 JavaThread "jar transforms Thread 15"          [_thread_blocked, id=46064, stack(0x0000004c7a300000,0x0000004c7a400000) (1024K)]
  0x0000019691180cc0 JavaThread "jar transforms Thread 16"          [_thread_blocked, id=23488, stack(0x0000004c7a400000,0x0000004c7a500000) (1024K)]
  0x00000196911819e0 JavaThread "Cache worker for file content cache (C:\Users\great\.gradle\caches\8.13\fileContent)"        [_thread_blocked, id=11376, stack(0x0000004c7ab00000,0x0000004c7ac00000) (1024K)]
  0x00000196962e78f0 JavaThread "Memory manager"                    [_thread_blocked, id=47420, stack(0x0000004c7f000000,0x0000004c7f100000) (1024K)]
  0x0000019696353660 JavaThread "Daemon Thread 6"                   [_thread_blocked, id=46432, stack(0x0000004c00000000,0x0000004c00100000) (1024K)]
  0x00000196994c32c0 JavaThread "Handler for socket connection from /127.0.0.1:55246 to /127.0.0.1:58281"        [_thread_in_native, id=11508, stack(0x0000004c00100000,0x0000004c00200000) (1024K)]
  0x00000196994c3950 JavaThread "Cancel handler"                    [_thread_blocked, id=15656, stack(0x0000004c00200000,0x0000004c00300000) (1024K)]
  0x00000196994c3fe0 JavaThread "Daemon worker Thread 4"            [_thread_blocked, id=45844, stack(0x0000004c00300000,0x0000004c00400000) (1024K)]
  0x000001969d193570 JavaThread "Asynchronous log dispatcher for DefaultDaemonConnection: socket connection from /127.0.0.1:55246 to /127.0.0.1:58281"        [_thread_blocked, id=27728, stack(0x0000004c00400000,0x0000004c00500000) (1024K)]
  0x000001969d193c00 JavaThread "Stdin handler"                     [_thread_blocked, id=7940, stack(0x0000004c00500000,0x0000004c00600000) (1024K)]
  0x000001969d191b30 JavaThread "Daemon client event forwarder"        [_thread_blocked, id=9564, stack(0x0000004c00600000,0x0000004c00700000) (1024K)]
  0x000001969d1914a0 JavaThread "Cache worker for file hash cache (C:\Users\great\Documents\StudioProjects\DigiClockWidget v5.0.0\.gradle\8.13\fileHashes)"        [_thread_blocked, id=25700, stack(0x0000004c00700000,0x0000004c00800000) (1024K)]
  0x000001969d192850 JavaThread "Cache worker for Build Output Cleanup Cache (C:\Users\great\Documents\StudioProjects\DigiClockWidget v5.0.0\.gradle\buildOutputCleanup)"        [_thread_blocked, id=40592, stack(0x0000004c00800000,0x0000004c00900000) (1024K)]
  0x000001969d194290 JavaThread "Cache worker for checksums cache (C:\Users\great\Documents\StudioProjects\DigiClockWidget v5.0.0\.gradle\8.13\checksums)"        [_thread_blocked, id=31760, stack(0x0000004c00d00000,0x0000004c00e00000) (1024K)]
  0x000001969d190e10 JavaThread "Cache worker for cache directory md-supplier (C:\Users\great\.gradle\caches\8.13\md-supplier)"        [_thread_blocked, id=19860, stack(0x0000004c00e00000,0x0000004c00f00000) (1024K)]
  0x000001969d1921c0 JavaThread "Cache worker for cache directory md-rule (C:\Users\great\.gradle\caches\8.13\md-rule)"        [_thread_blocked, id=20356, stack(0x0000004c00f00000,0x0000004c01000000) (1024K)]
  0x000001969d192ee0 JavaThread "Problems report writer"            [_thread_blocked, id=16856, stack(0x0000004c01000000,0x0000004c01100000) (1024K)]
  0x0000019698043a70 JavaThread "Unconstrained build operations"        [_thread_blocked, id=1236, stack(0x0000004c01100000,0x0000004c01200000) (1024K)]
  0x0000019698046860 JavaThread "Unconstrained build operations Thread 2"        [_thread_blocked, id=11832, stack(0x0000004c01200000,0x0000004c01300000) (1024K)]
  0x0000019698044100 JavaThread "Unconstrained build operations Thread 3"        [_thread_blocked, id=12880, stack(0x0000004c01300000,0x0000004c01400000) (1024K)]
  0x0000019698044e20 JavaThread "Unconstrained build operations Thread 4"        [_thread_blocked, id=38528, stack(0x0000004c01400000,0x0000004c01500000) (1024K)]
  0x0000019698044790 JavaThread "Unconstrained build operations Thread 5"        [_thread_blocked, id=35516, stack(0x0000004c01500000,0x0000004c01600000) (1024K)]
  0x0000019698045b40 JavaThread "Unconstrained build operations Thread 6"        [_thread_blocked, id=22468, stack(0x0000004c01600000,0x0000004c01700000) (1024K)]
  0x00000196980454b0 JavaThread "Unconstrained build operations Thread 7"        [_thread_blocked, id=12452, stack(0x0000004c01700000,0x0000004c01800000) (1024K)]
  0x00000196980461d0 JavaThread "Unconstrained build operations Thread 8"        [_thread_blocked, id=33484, stack(0x0000004c01800000,0x0000004c01900000) (1024K)]
  0x00000196980433e0 JavaThread "Unconstrained build operations Thread 9"        [_thread_blocked, id=47948, stack(0x0000004c01900000,0x0000004c01a00000) (1024K)]
  0x0000019693a63c30 JavaThread "Unconstrained build operations Thread 10"        [_thread_blocked, id=38140, stack(0x0000004c01a00000,0x0000004c01b00000) (1024K)]
  0x0000019693a65670 JavaThread "Unconstrained build operations Thread 11"        [_thread_blocked, id=21792, stack(0x0000004c01b00000,0x0000004c01c00000) (1024K)]
  0x0000019693a66390 JavaThread "Unconstrained build operations Thread 12"        [_thread_blocked, id=42856, stack(0x0000004c01c00000,0x0000004c01d00000) (1024K)]
  0x0000019693a64950 JavaThread "Unconstrained build operations Thread 13"        [_thread_blocked, id=44636, stack(0x0000004c01d00000,0x0000004c01e00000) (1024K)]
  0x0000019693a635a0 JavaThread "Unconstrained build operations Thread 14"        [_thread_blocked, id=38532, stack(0x0000004c01e00000,0x0000004c01f00000) (1024K)]
  0x0000019693a642c0 JavaThread "Unconstrained build operations Thread 15"        [_thread_blocked, id=31576, stack(0x0000004c01f00000,0x0000004c02000000) (1024K)]
  0x0000019693a65d00 JavaThread "Unconstrained build operations Thread 16"        [_thread_blocked, id=9528, stack(0x0000004c02000000,0x0000004c02100000) (1024K)]
  0x0000019693a64fe0 JavaThread "Unconstrained build operations Thread 17"        [_thread_blocked, id=7908, stack(0x0000004c02100000,0x0000004c02200000) (1024K)]
  0x0000019693a62f10 JavaThread "Unconstrained build operations Thread 18"        [_thread_blocked, id=42424, stack(0x0000004c02200000,0x0000004c02300000) (1024K)]
  0x000001969bcb1b90 JavaThread "Unconstrained build operations Thread 19"        [_thread_blocked, id=30692, stack(0x0000004c02300000,0x0000004c02400000) (1024K)]
  0x000001969bcb07e0 JavaThread "Unconstrained build operations Thread 20"        [_thread_blocked, id=8556, stack(0x0000004c02400000,0x0000004c02500000) (1024K)]
  0x000001969bcaf430 JavaThread "Unconstrained build operations Thread 21"        [_thread_blocked, id=31520, stack(0x0000004c02500000,0x0000004c02600000) (1024K)]
  0x000001969bcafac0 JavaThread "Unconstrained build operations Thread 22"        [_thread_blocked, id=15844, stack(0x0000004c02600000,0x0000004c02700000) (1024K)]
  0x000001969bcb28b0 JavaThread "Unconstrained build operations Thread 23"        [_thread_blocked, id=38900, stack(0x0000004c02700000,0x0000004c02800000) (1024K)]
  0x000001969bcb0e70 JavaThread "Unconstrained build operations Thread 24"        [_thread_blocked, id=41812, stack(0x0000004c02800000,0x0000004c02900000) (1024K)]
  0x0000019691cc5b50 JavaThread "Unconstrained build operations Thread 25"        [_thread_blocked, id=34080, stack(0x0000004c02900000,0x0000004c02a00000) (1024K)]
  0x0000019691cc4e30 JavaThread "Unconstrained build operations Thread 26"        [_thread_blocked, id=47308, stack(0x0000004c02a00000,0x0000004c02b00000) (1024K)]
  0x0000019691cc26d0 JavaThread "Unconstrained build operations Thread 27"        [_thread_blocked, id=19540, stack(0x0000004c02b00000,0x0000004c02c00000) (1024K)]
  0x0000019699362cd0 JavaThread "Unconstrained build operations Thread 28"        [_thread_blocked, id=43268, stack(0x0000004c02c00000,0x0000004c02d00000) (1024K)]
  0x000001969935fee0 JavaThread "Unconstrained build operations Thread 29"        [_thread_blocked, id=28756, stack(0x0000004c02d00000,0x0000004c02e00000) (1024K)]
  0x0000019699360570 JavaThread "Unconstrained build operations Thread 30"        [_thread_blocked, id=24680, stack(0x0000004c02e00000,0x0000004c02f00000) (1024K)]
  0x0000019699360c00 JavaThread "build event listener"              [_thread_blocked, id=11004, stack(0x0000004c03100000,0x0000004c03200000) (1024K)]
  0x0000019697f3fa20 JavaThread "included builds"                   [_thread_blocked, id=40224, stack(0x0000004c00b00000,0x0000004c00c00000) (1024K)]
  0x00000196983608d0 JavaThread "Execution worker"                  [_thread_blocked, id=48288, stack(0x0000004c00c00000,0x0000004c00d00000) (1024K)]
  0x000001969835e170 JavaThread "Execution worker Thread 2"         [_thread_blocked, id=48332, stack(0x0000004c02f00000,0x0000004c03000000) (1024K)]
  0x000001969835f520 JavaThread "Execution worker Thread 3"         [_thread_blocked, id=1532, stack(0x0000004c03000000,0x0000004c03100000) (1024K)]
  0x000001969835e800 JavaThread "Execution worker Thread 4"         [_thread_blocked, id=12800, stack(0x0000004c03500000,0x0000004c03600000) (1024K)]
  0x000001969835fbb0 JavaThread "Execution worker Thread 5"         [_thread_blocked, id=32804, stack(0x0000004c03600000,0x0000004c03700000) (1024K)]
  0x000001969835ee90 JavaThread "Execution worker Thread 6"         [_thread_blocked, id=45064, stack(0x0000004c03700000,0x0000004c03800000) (1024K)]
  0x000001969835d450 JavaThread "Execution worker Thread 7"         [_thread_blocked, id=31580, stack(0x0000004c03800000,0x0000004c03900000) (1024K)]
  0x000001969835dae0 JavaThread "Execution worker Thread 8"         [_thread_blocked, id=14680, stack(0x0000004c03900000,0x0000004c03a00000) (1024K)]
  0x000001968fb3f810 JavaThread "Execution worker Thread 9"         [_thread_blocked, id=28544, stack(0x0000004c03a00000,0x0000004c03b00000) (1024K)]
  0x000001968fb3c390 JavaThread "Execution worker Thread 10"        [_thread_blocked, id=25372, stack(0x0000004c03b00000,0x0000004c03c00000) (1024K)]
  0x00000196962e6bd0 JavaThread "Execution worker Thread 11"        [_thread_blocked, id=22472, stack(0x0000004c03c00000,0x0000004c03d00000) (1024K)]
  0x00000196994c2c30 JavaThread "Execution worker Thread 12"        [_thread_blocked, id=41340, stack(0x0000004c03d00000,0x0000004c03e00000) (1024K)]
  0x00000196994c0b60 JavaThread "Execution worker Thread 13"        [_thread_blocked, id=28752, stack(0x0000004c03e00000,0x0000004c03f00000) (1024K)]
  0x00000196994c11f0 JavaThread "Execution worker Thread 14"        [_thread_blocked, id=44108, stack(0x0000004c03f00000,0x0000004c04000000) (1024K)]
  0x00000196994c1880 JavaThread "Execution worker Thread 15"        [_thread_blocked, id=27268, stack(0x0000004c04000000,0x0000004c04100000) (1024K)]
  0x0000019697f582d0 JavaThread "Cache worker for execution history cache (C:\Users\great\Documents\StudioProjects\DigiClockWidget v5.0.0\.gradle\8.13\executionHistory)"        [_thread_blocked, id=13332, stack(0x0000004c04100000,0x0000004c04200000) (1024K)]
  0x000001968fa0a790 JavaThread "Unconstrained build operations Thread 31"        [_thread_blocked, id=38828, stack(0x0000004c04300000,0x0000004c04400000) (1024K)]
  0x000001968fa0ae20 JavaThread "Unconstrained build operations Thread 32"        [_thread_blocked, id=16636, stack(0x0000004c04400000,0x0000004c04500000) (1024K)]
  0x0000019698fbbce0 JavaThread "Unconstrained build operations Thread 33"        [_thread_blocked, id=13772, stack(0x0000004c04500000,0x0000004c04600000) (1024K)]
  0x0000019698fb9c10 JavaThread "Unconstrained build operations Thread 34"        [_thread_blocked, id=428, stack(0x0000004c04600000,0x0000004c04700000) (1024K)]
  0x00000196969983a0 JavaThread "Unconstrained build operations Thread 35"        [_thread_blocked, id=37408, stack(0x0000004c04700000,0x0000004c04800000) (1024K)]
  0x0000019696997d10 JavaThread "Unconstrained build operations Thread 36"        [_thread_blocked, id=26988, stack(0x0000004c04800000,0x0000004c04900000) (1024K)]
  0x00000196969990c0 JavaThread "Unconstrained build operations Thread 37"        [_thread_blocked, id=8548, stack(0x0000004c04900000,0x0000004c04a00000) (1024K)]
  0x0000019696998a30 JavaThread "Unconstrained build operations Thread 38"        [_thread_blocked, id=34768, stack(0x0000004c04a00000,0x0000004c04b00000) (1024K)]
  0x00000196923ff2c0 JavaThread "Unconstrained build operations Thread 39"        [_thread_blocked, id=27104, stack(0x0000004c04b00000,0x0000004c04c00000) (1024K)]
  0x00000196923fec30 JavaThread "Unconstrained build operations Thread 40"        [_thread_blocked, id=13580, stack(0x0000004c04c00000,0x0000004c04d00000) (1024K)]
  0x00000196923ff950 JavaThread "Unconstrained build operations Thread 41"        [_thread_blocked, id=42880, stack(0x0000004c04d00000,0x0000004c04e00000) (1024K)]
  0x00000196923fffe0 JavaThread "Unconstrained build operations Thread 42"        [_thread_blocked, id=17404, stack(0x0000004c04e00000,0x0000004c04f00000) (1024K)]
  0x0000019692401390 JavaThread "Unconstrained build operations Thread 43"        [_thread_blocked, id=21920, stack(0x0000004c04f00000,0x0000004c05000000) (1024K)]
  0x0000019692400670 JavaThread "Unconstrained build operations Thread 44"        [_thread_blocked, id=21712, stack(0x0000004c05000000,0x0000004c05100000) (1024K)]
  0x0000019692400d00 JavaThread "Unconstrained build operations Thread 45"        [_thread_blocked, id=32592, stack(0x0000004c05100000,0x0000004c05200000) (1024K)]
  0x000001969bcb0150 JavaThread "WorkerExecutor Queue"              [_thread_blocked, id=38096, stack(0x0000004c05500000,0x0000004c05600000) (1024K)]
  0x000001969bcb2220 JavaThread "WorkerExecutor Queue Thread 2"        [_thread_blocked, id=18540, stack(0x0000004c05600000,0x0000004c05700000) (1024K)]
  0x000001969bcb1500 JavaThread "WorkerExecutor Queue Thread 3"        [_thread_blocked, id=28420, stack(0x0000004c05700000,0x0000004c05800000) (1024K)]
  0x0000019698c77d70 JavaThread "WorkerExecutor Queue Thread 4"        [_thread_blocked, id=27292, stack(0x0000004c05800000,0x0000004c05900000) (1024K)]
  0x0000019698c776e0 JavaThread "WorkerExecutor Queue Thread 5"        [_thread_blocked, id=14980, stack(0x0000004c05900000,0x0000004c05a00000) (1024K)]
  0x0000019698c79e40 JavaThread "WorkerExecutor Queue Thread 6"        [_thread_blocked, id=37012, stack(0x0000004c05a00000,0x0000004c05b00000) (1024K)]
  0x0000019698c78a90 JavaThread "WorkerExecutor Queue Thread 8"        [_thread_blocked, id=47916, stack(0x0000004c05c00000,0x0000004c05d00000) (1024K)]
  0x0000019698c797b0 JavaThread "WorkerExecutor Queue Thread 9"        [_thread_blocked, id=464, stack(0x0000004c05e00000,0x0000004c05f00000) (1024K)]
  0x0000019698c77050 JavaThread "WorkerExecutor Queue Thread 10"        [_thread_blocked, id=21344, stack(0x0000004c05f00000,0x0000004c06000000) (1024K)]
  0x0000019698c79120 JavaThread "WorkerExecutor Queue Thread 11"        [_thread_blocked, id=36000, stack(0x0000004c06000000,0x0000004c06100000) (1024K)]
  0x0000019698c769c0 JavaThread "WorkerExecutor Queue Thread 12"        [_thread_blocked, id=34660, stack(0x0000004c06100000,0x0000004c06200000) (1024K)]
  0x00000196985bb530 JavaThread "WorkerExecutor Queue Thread 13"        [_thread_blocked, id=20776, stack(0x0000004c06200000,0x0000004c06300000) (1024K)]
  0x00000196985baea0 JavaThread "WorkerExecutor Queue Thread 14"        [_thread_blocked, id=41300, stack(0x0000004c06300000,0x0000004c06400000) (1024K)]
  0x00000196985bc8e0 JavaThread "WorkerExecutor Queue Thread 15"        [_thread_blocked, id=36536, stack(0x0000004c06400000,0x0000004c06500000) (1024K)]
  0x00000196985ba180 JavaThread "WorkerExecutor Queue Thread 16"        [_thread_blocked, id=33608, stack(0x0000004c06500000,0x0000004c06600000) (1024K)]
  0x0000019691cc54c0 JavaThread "Unconstrained build operations Thread 46"        [_thread_blocked, id=13844, stack(0x0000004c06700000,0x0000004c06800000) (1024K)]
  0x000001969cae7680 JavaThread "C2 CompilerThread1"         daemon [_thread_blocked, id=36296, stack(0x0000004c00900000,0x0000004c00a00000) (1024K)]
  0x0000019695aaf5d0 JavaThread "pool-11-thread-1"                  [_thread_blocked, id=30320, stack(0x0000004c00a00000,0x0000004c00b00000) (1024K)]
  0x0000019699d56ec0 JavaThread "Unconstrained build operations Thread 47"        [_thread_blocked, id=9320, stack(0x0000004c03200000,0x0000004c03300000) (1024K)]
  0x0000019699d57550 JavaThread "Unconstrained build operations Thread 48"        [_thread_blocked, id=39900, stack(0x0000004c03300000,0x0000004c03400000) (1024K)]
  0x0000019699d58270 JavaThread "Unconstrained build operations Thread 49"        [_thread_blocked, id=26556, stack(0x0000004c03400000,0x0000004c03500000) (1024K)]
  0x0000019699d55480 JavaThread "Unconstrained build operations Thread 50"        [_thread_blocked, id=22624, stack(0x0000004c04200000,0x0000004c04300000) (1024K)]
  0x0000019699d55b10 JavaThread "Unconstrained build operations Thread 51"        [_thread_blocked, id=31928, stack(0x0000004c05200000,0x0000004c05300000) (1024K)]
  0x0000019699d57be0 JavaThread "Unconstrained build operations Thread 52"        [_thread_blocked, id=9376, stack(0x0000004c05300000,0x0000004c05400000) (1024K)]
  0x0000019699d561a0 JavaThread "Unconstrained build operations Thread 53"        [_thread_blocked, id=16476, stack(0x0000004c05400000,0x0000004c05500000) (1024K)]
  0x0000019699d56830 JavaThread "Unconstrained build operations Thread 54"        [_thread_blocked, id=41904, stack(0x0000004c05d00000,0x0000004c05e00000) (1024K)]
  0x000001969b7a0070 JavaThread "Unconstrained build operations Thread 55"        [_thread_blocked, id=8496, stack(0x0000004c06900000,0x0000004c06a00000) (1024K)]
  0x000001969b79f350 JavaThread "Unconstrained build operations Thread 56"        [_thread_blocked, id=38300, stack(0x0000004c06a00000,0x0000004c06b00000) (1024K)]
  0x000001969b79e630 JavaThread "Unconstrained build operations Thread 57"        [_thread_blocked, id=12760, stack(0x0000004c06b00000,0x0000004c06c00000) (1024K)]
  0x000001969b79f9e0 JavaThread "Unconstrained build operations Thread 58"        [_thread_blocked, id=43120, stack(0x0000004c06c00000,0x0000004c06d00000) (1024K)]
  0x000001969b7a0700 JavaThread "Unconstrained build operations Thread 59"        [_thread_blocked, id=9244, stack(0x0000004c06d00000,0x0000004c06e00000) (1024K)]
  0x000001969b79d910 JavaThread "Unconstrained build operations Thread 60"        [_thread_blocked, id=38472, stack(0x0000004c06e00000,0x0000004c06f00000) (1024K)]
  0x0000019695434020 JavaThread "Unconstrained build operations Thread 61"        [_thread_blocked, id=31648, stack(0x0000004c06f00000,0x0000004c07000000) (1024K)]
  0x000001969d2e3250 JavaThread "C1 CompilerThread1"         daemon [_thread_blocked, id=19992, stack(0x0000004c07300000,0x0000004c07400000) (1024K)]
  0x000001969751bfe0 JavaThread "stderr"                            [_thread_in_native, id=17308, stack(0x0000004c07400000,0x0000004c07500000) (1024K)]
  0x000001969751e0b0 JavaThread "stdout"                            [_thread_in_native, id=21316, stack(0x0000004c07500000,0x0000004c07600000) (1024K)]
  0x000001969a49ab00 JavaThread "stderr"                            [_thread_in_native, id=24712, stack(0x0000004c07600000,0x0000004c07700000) (1024K)]
  0x000001969a49b190 JavaThread "stdout"                            [_thread_in_native, id=22844, stack(0x0000004c07700000,0x0000004c07800000) (1024K)]
  0x00000196957d67e0 JavaThread "stderr"                            [_thread_in_native, id=33208, stack(0x0000004c07800000,0x0000004c07900000) (1024K)]
  0x00000196957d4710 JavaThread "stdout"                            [_thread_in_native, id=9092, stack(0x0000004c07900000,0x0000004c07a00000) (1024K)]
  0x00000196987682c0 JavaThread "stderr"                            [_thread_in_native, id=39188, stack(0x0000004c07a00000,0x0000004c07b00000) (1024K)]
  0x0000019698768950 JavaThread "stdout"                            [_thread_in_native, id=8508, stack(0x0000004c07b00000,0x0000004c07c00000) (1024K)]
  0x00000196957d7500 JavaThread "stderr"                            [_thread_in_native, id=17860, stack(0x0000004c07c00000,0x0000004c07d00000) (1024K)]
  0x00000196957d5ac0 JavaThread "stdout"                            [_thread_in_native, id=4576, stack(0x0000004c07d00000,0x0000004c07e00000) (1024K)]
  0x000001969d409f50 JavaThread "stderr"                            [_thread_in_native, id=17412, stack(0x0000004c07e00000,0x0000004c07f00000) (1024K)]
  0x000001969d409230 JavaThread "stdout"                            [_thread_in_native, id=11668, stack(0x0000004c07f00000,0x0000004c08000000) (1024K)]
  0x0000019691cc47a0 JavaThread "Unconstrained build operations Thread 62"        [_thread_blocked, id=15836, stack(0x0000004c08000000,0x0000004c08100000) (1024K)]
  0x0000019691cc33f0 JavaThread "Unconstrained build operations Thread 63"        [_thread_blocked, id=32236, stack(0x0000004c08100000,0x0000004c08200000) (1024K)]
  0x0000019691cc2d60 JavaThread "Unconstrained build operations Thread 64"        [_thread_blocked, id=47556, stack(0x0000004c08200000,0x0000004c08300000) (1024K)]
  0x0000019691cc3a80 JavaThread "Unconstrained build operations Thread 65"        [_thread_blocked, id=48060, stack(0x0000004c08300000,0x0000004c08400000) (1024K)]
  0x0000019691cc4110 JavaThread "Unconstrained build operations Thread 66"        [_thread_blocked, id=47708, stack(0x0000004c08400000,0x0000004c08500000) (1024K)]
  0x00000196954346b0 JavaThread "Unconstrained build operations Thread 67"        [_thread_blocked, id=19240, stack(0x0000004c08500000,0x0000004c08600000) (1024K)]
  0x0000019695434d40 JavaThread "Unconstrained build operations Thread 68"        [_thread_blocked, id=20860, stack(0x0000004c08600000,0x0000004c08700000) (1024K)]
  0x00000196954353d0 JavaThread "Unconstrained build operations Thread 69"        [_thread_blocked, id=19668, stack(0x0000004c08700000,0x0000004c08800000) (1024K)]
  0x00000196954325e0 JavaThread "Unconstrained build operations Thread 70"        [_thread_blocked, id=33868, stack(0x0000004c08800000,0x0000004c08900000) (1024K)]
  0x0000019695432c70 JavaThread "Unconstrained build operations Thread 71"        [_thread_blocked, id=30200, stack(0x0000004c08900000,0x0000004c08a00000) (1024K)]
  0x00000196985ba810 JavaThread "Unconstrained build operations Thread 72"        [_thread_blocked, id=37992, stack(0x0000004c08a00000,0x0000004c08b00000) (1024K)]
  0x00000196985bbbc0 JavaThread "Unconstrained build operations Thread 73"        [_thread_blocked, id=23420, stack(0x0000004c08b00000,0x0000004c08c00000) (1024K)]
  0x00000196985bd600 JavaThread "Unconstrained build operations Thread 74"        [_thread_blocked, id=22956, stack(0x0000004c08c00000,0x0000004c08d00000) (1024K)]
  0x00000196985bc250 JavaThread "Unconstrained build operations Thread 75"        [_thread_blocked, id=2816, stack(0x0000004c08d00000,0x0000004c08e00000) (1024K)]
  0x00000196985bcf70 JavaThread "Unconstrained build operations Thread 76"        [_thread_blocked, id=12252, stack(0x0000004c08e00000,0x0000004c08f00000) (1024K)]
  0x0000019695d6e4d0 JavaThread "C1 CompilerThread2"         daemon [_thread_blocked, id=38608, stack(0x0000004c08f00000,0x0000004c09000000) (1024K)]
  0x0000019695d6d730 JavaThread "C1 CompilerThread3"         daemon [_thread_blocked, id=30192, stack(0x0000004c09000000,0x0000004c09100000) (1024K)]
  0x00000196915f8530 JavaThread "Unconstrained build operations Thread 77"        [_thread_blocked, id=34484, stack(0x0000004c07100000,0x0000004c07200000) (1024K)]
  0x00000196915f8bc0 JavaThread "Unconstrained build operations Thread 78"        [_thread_blocked, id=13960, stack(0x0000004c07200000,0x0000004c07300000) (1024K)]
  0x00000196915fb320 JavaThread "Unconstrained build operations Thread 79"        [_thread_blocked, id=33880, stack(0x0000004c09100000,0x0000004c09200000) (1024K)]
  0x00000196915fa600 JavaThread "Unconstrained build operations Thread 80"        [_thread_blocked, id=6940, stack(0x0000004c09200000,0x0000004c09300000) (1024K)]
  0x00000196915f7ea0 JavaThread "Unconstrained build operations Thread 81"        [_thread_blocked, id=29740, stack(0x0000004c09300000,0x0000004c09400000) (1024K)]
  0x00000196915f9250 JavaThread "Unconstrained build operations Thread 82"        [_thread_blocked, id=18136, stack(0x0000004c09400000,0x0000004c09500000) (1024K)]
  0x00000196915f98e0 JavaThread "Unconstrained build operations Thread 83"        [_thread_blocked, id=40236, stack(0x0000004c09500000,0x0000004c09600000) (1024K)]
  0x0000019697f40740 JavaThread "Unconstrained build operations Thread 84"        [_thread_blocked, id=46700, stack(0x0000004c09600000,0x0000004c09700000) (1024K)]
  0x0000019697f40dd0 JavaThread "Unconstrained build operations Thread 85"        [_thread_blocked, id=1864, stack(0x0000004c09700000,0x0000004c09800000) (1024K)]
  0x0000019697f41460 JavaThread "Unconstrained build operations Thread 86"        [_thread_blocked, id=41292, stack(0x0000004c09800000,0x0000004c09900000) (1024K)]
  0x0000019698de2720 JavaThread "Unconstrained build operations Thread 87"        [_thread_blocked, id=26708, stack(0x0000004c09900000,0x0000004c09a00000) (1024K)]
  0x0000019698de1370 JavaThread "Unconstrained build operations Thread 88"        [_thread_blocked, id=40324, stack(0x0000004c09a00000,0x0000004c09b00000) (1024K)]
  0x0000019698de2db0 JavaThread "Unconstrained build operations Thread 89"        [_thread_blocked, id=24332, stack(0x0000004c09b00000,0x0000004c09c00000) (1024K)]
  0x0000019698ddffc0 JavaThread "Unconstrained build operations Thread 90"        [_thread_blocked, id=17044, stack(0x0000004c09c00000,0x0000004c09d00000) (1024K)]
  0x0000019698de0650 JavaThread "Unconstrained build operations Thread 91"        [_thread_blocked, id=11100, stack(0x0000004c09d00000,0x0000004c09e00000) (1024K)]
  0x00000196965a65d0 JavaThread "WorkerExecutor Queue Thread 17"        [_thread_blocked, id=30344, stack(0x0000004c09e00000,0x0000004c09f00000) (1024K)]
  0x0000019698fba2a0 JavaThread "Unconstrained build operations Thread 92"        [_thread_blocked, id=28560, stack(0x0000004c09f00000,0x0000004c0a000000) (1024K)]
  0x0000019698fba930 JavaThread "Unconstrained build operations Thread 93"        [_thread_blocked, id=48104, stack(0x0000004c0a000000,0x0000004c0a100000) (1024K)]
  0x0000019698fbb650 JavaThread "Unconstrained build operations Thread 94"        [_thread_blocked, id=14984, stack(0x0000004c0a100000,0x0000004c0a200000) (1024K)]
  0x0000019698fbc370 JavaThread "Unconstrained build operations Thread 95"        [_thread_blocked, id=25984, stack(0x0000004c0a200000,0x0000004c0a300000) (1024K)]
  0x0000019695ab23c0 JavaThread "Unconstrained build operations Thread 96"        [_thread_blocked, id=35312, stack(0x0000004c0a300000,0x0000004c0a400000) (1024K)]
  0x0000019695aafc60 JavaThread "Unconstrained build operations Thread 97"        [_thread_blocked, id=16920, stack(0x0000004c0a400000,0x0000004c0a500000) (1024K)]
  0x0000019695ab1d30 JavaThread "Unconstrained build operations Thread 98"        [_thread_blocked, id=39080, stack(0x0000004c0a500000,0x0000004c0a600000) (1024K)]
  0x0000019695ab16a0 JavaThread "Unconstrained build operations Thread 99"        [_thread_blocked, id=6656, stack(0x0000004c0a600000,0x0000004c0a700000) (1024K)]
  0x00000196925ea070 JavaThread "Unconstrained build operations Thread 100"        [_thread_blocked, id=35328, stack(0x0000004c0a700000,0x0000004c0a800000) (1024K)]
  0x00000196925e8630 JavaThread "Unconstrained build operations Thread 101"        [_thread_blocked, id=38508, stack(0x0000004c0a800000,0x0000004c0a900000) (1024K)]
  0x00000196925e9350 JavaThread "Unconstrained build operations Thread 102"        [_thread_blocked, id=34216, stack(0x0000004c0a900000,0x0000004c0aa00000) (1024K)]
  0x00000196925e8cc0 JavaThread "Unconstrained build operations Thread 103"        [_thread_blocked, id=25516, stack(0x0000004c0aa00000,0x0000004c0ab00000) (1024K)]
  0x00000196925ea700 JavaThread "Unconstrained build operations Thread 104"        [_thread_blocked, id=21152, stack(0x0000004c0ab00000,0x0000004c0ac00000) (1024K)]
  0x0000019693a58480 JavaThread "Unconstrained build operations Thread 105"        [_thread_blocked, id=36244, stack(0x0000004c0ac00000,0x0000004c0ad00000) (1024K)]
  0x0000019693a591a0 JavaThread "Unconstrained build operations Thread 106"        [_thread_blocked, id=27112, stack(0x0000004c0ad00000,0x0000004c0ae00000) (1024K)]
  0x0000019698ddf930 JavaThread "Unconstrained build operations Thread 107"        [_thread_blocked, id=40880, stack(0x0000004c0ae00000,0x0000004c0af00000) (1024K)]
  0x0000019698de0ce0 JavaThread "Unconstrained build operations Thread 108"        [_thread_blocked, id=26652, stack(0x0000004c0af00000,0x0000004c0b000000) (1024K)]
  0x0000019698de2090 JavaThread "Unconstrained build operations Thread 109"        [_thread_blocked, id=16236, stack(0x0000004c0b000000,0x0000004c0b100000) (1024K)]
  0x0000019698de1a00 JavaThread "Unconstrained build operations Thread 110"        [_thread_blocked, id=36516, stack(0x0000004c0b100000,0x0000004c0b200000) (1024K)]
  0x0000019696f64e80 JavaThread "Unconstrained build operations Thread 111"        [_thread_blocked, id=29388, stack(0x0000004c0b200000,0x0000004c0b300000) (1024K)]
  0x0000019696f65ba0 JavaThread "Unconstrained build operations Thread 112"        [_thread_blocked, id=22104, stack(0x0000004c0b300000,0x0000004c0b400000) (1024K)]
  0x0000019696f62db0 JavaThread "Unconstrained build operations Thread 113"        [_thread_blocked, id=37020, stack(0x0000004c0b400000,0x0000004c0b500000) (1024K)]
  0x0000019696f63440 JavaThread "Unconstrained build operations Thread 114"        [_thread_blocked, id=33772, stack(0x0000004c0b500000,0x0000004c0b600000) (1024K)]
  0x0000019696f65510 JavaThread "Unconstrained build operations Thread 115"        [_thread_blocked, id=14012, stack(0x0000004c0b600000,0x0000004c0b700000) (1024K)]
  0x0000019696f647f0 JavaThread "Unconstrained build operations Thread 116"        [_thread_blocked, id=31824, stack(0x0000004c0b700000,0x0000004c0b800000) (1024K)]
  0x0000019696f64160 JavaThread "Unconstrained build operations Thread 117"        [_thread_blocked, id=10140, stack(0x0000004c0b800000,0x0000004c0b900000) (1024K)]
  0x0000019696f62720 JavaThread "Unconstrained build operations Thread 118"        [_thread_blocked, id=13368, stack(0x0000004c0b900000,0x0000004c0ba00000) (1024K)]
  0x0000019696f63ad0 JavaThread "Unconstrained build operations Thread 119"        [_thread_blocked, id=35564, stack(0x0000004c0ba00000,0x0000004c0bb00000) (1024K)]
  0x0000019691c3ac80 JavaThread "Unconstrained build operations Thread 120"        [_thread_blocked, id=39588, stack(0x0000004c0bb00000,0x0000004c0bc00000) (1024K)]
  0x0000019691c39f60 JavaThread "Unconstrained build operations Thread 121"        [_thread_blocked, id=13972, stack(0x0000004c0bc00000,0x0000004c0bd00000) (1024K)]
  0x0000019691182070 JavaThread "Unconstrained build operations Thread 122"        [_thread_blocked, id=16596, stack(0x0000004c06800000,0x0000004c06900000) (1024K)]
  0x00000196911847d0 JavaThread "Unconstrained build operations Thread 123"        [_thread_blocked, id=2676, stack(0x0000004c07000000,0x0000004c07100000) (1024K)]
  0x0000019691184e60 JavaThread "Unconstrained build operations Thread 124"        [_thread_blocked, id=12860, stack(0x0000004c0bd00000,0x0000004c0be00000) (1024K)]
  0x00000196911854f0 JavaThread "Unconstrained build operations Thread 125"        [_thread_blocked, id=32660, stack(0x0000004c0be00000,0x0000004c0bf00000) (1024K)]
  0x0000019691185b80 JavaThread "Unconstrained build operations Thread 126"        [_thread_blocked, id=29912, stack(0x0000004c0bf00000,0x0000004c0c000000) (1024K)]
  0x0000019691182700 JavaThread "Unconstrained build operations Thread 127"        [_thread_blocked, id=35836, stack(0x0000004c0c000000,0x0000004c0c100000) (1024K)]
  0x0000019691186210 JavaThread "Unconstrained build operations Thread 128"        [_thread_blocked, id=36452, stack(0x0000004c0c100000,0x0000004c0c200000) (1024K)]
  0x00000196911868a0 JavaThread "Unconstrained build operations Thread 129"        [_thread_blocked, id=6396, stack(0x0000004c0c200000,0x0000004c0c300000) (1024K)]
  0x0000019691186f30 JavaThread "Unconstrained build operations Thread 130"        [_thread_blocked, id=22712, stack(0x0000004c0c300000,0x0000004c0c400000) (1024K)]
  0x00000196911875c0 JavaThread "Unconstrained build operations Thread 131"        [_thread_blocked, id=26584, stack(0x0000004c0c400000,0x0000004c0c500000) (1024K)]
  0x000001969345ea00 JavaThread "Unconstrained build operations Thread 132"        [_thread_blocked, id=11708, stack(0x0000004c0c500000,0x0000004c0c600000) (1024K)]
  0x000001969345f720 JavaThread "Unconstrained build operations Thread 133"        [_thread_blocked, id=46088, stack(0x0000004c0c800000,0x0000004c0c900000) (1024K)]
  0x000001969345c2a0 JavaThread "Unconstrained build operations Thread 134"        [_thread_blocked, id=12264, stack(0x0000004c0c900000,0x0000004c0ca00000) (1024K)]
  0x000001969345c930 JavaThread "Unconstrained build operations Thread 135"        [_thread_blocked, id=24948, stack(0x0000004c0ca00000,0x0000004c0cb00000) (1024K)]
  0x000001969345fdb0 JavaThread "Unconstrained build operations Thread 136"        [_thread_blocked, id=41780, stack(0x0000004c0cb00000,0x0000004c0cc00000) (1024K)]
  0x0000019695d70080 JavaThread "C2 CompilerThread2"         daemon [_thread_blocked, id=8344, stack(0x0000004c0cc00000,0x0000004c0cd00000) (1024K)]
  0x000001969b2557f0 JavaThread "Unconstrained build operations Thread 137"        [_thread_blocked, id=7144, stack(0x0000004c0d100000,0x0000004c0d200000) (1024K)]
  0x000001969b256ba0 JavaThread "Unconstrained build operations Thread 138"        [_thread_blocked, id=33896, stack(0x0000004c0d200000,0x0000004c0d300000) (1024K)]
  0x000001969b256510 JavaThread "Unconstrained build operations Thread 139"        [_thread_blocked, id=31964, stack(0x0000004c0d300000,0x0000004c0d400000) (1024K)]
  0x000001969b255160 JavaThread "Unconstrained build operations Thread 140"        [_thread_blocked, id=38188, stack(0x0000004c0d400000,0x0000004c0d500000) (1024K)]
  0x000001969b254440 JavaThread "Unconstrained build operations Thread 141"        [_thread_blocked, id=40972, stack(0x0000004c0d500000,0x0000004c0d600000) (1024K)]
  0x000001969b257230 JavaThread "Unconstrained build operations Thread 142"        [_thread_blocked, id=37556, stack(0x0000004c0d600000,0x0000004c0d700000) (1024K)]
  0x000001969b254ad0 JavaThread "Unconstrained build operations Thread 143"        [_thread_blocked, id=27340, stack(0x0000004c0d700000,0x0000004c0d800000) (1024K)]
  0x000001969d407e80 JavaThread "Unconstrained build operations Thread 144"        [_thread_blocked, id=41528, stack(0x0000004c0d800000,0x0000004c0d900000) (1024K)]
  0x000001969d408ba0 JavaThread "Unconstrained build operations Thread 145"        [_thread_blocked, id=18840, stack(0x0000004c0d900000,0x0000004c0da00000) (1024K)]
  0x0000019699362640 JavaThread "Unconstrained build operations Thread 146"        [_thread_blocked, id=24416, stack(0x0000004c0da00000,0x0000004c0db00000) (1024K)]
  0x0000019699363360 JavaThread "Unconstrained build operations Thread 147"        [_thread_blocked, id=43964, stack(0x0000004c0db00000,0x0000004c0dc00000) (1024K)]
  0x0000019699361290 JavaThread "Unconstrained build operations Thread 148"        [_thread_blocked, id=32156, stack(0x0000004c0dc00000,0x0000004c0dd00000) (1024K)]
  0x0000019699361920 JavaThread "Unconstrained build operations Thread 149"        [_thread_blocked, id=14424, stack(0x0000004c0dd00000,0x0000004c0de00000) (1024K)]
  0x0000019699361fb0 JavaThread "Unconstrained build operations Thread 150"        [_thread_blocked, id=28312, stack(0x0000004c0de00000,0x0000004c0df00000) (1024K)]
  0x000001968f658cd0 JavaThread "Unconstrained build operations Thread 151"        [_thread_blocked, id=9668, stack(0x0000004c0df00000,0x0000004c0e000000) (1024K)]
  0x000001969a307360 JavaThread "C2 CompilerThread3"         daemon [_thread_blocked, id=3740, stack(0x0000004c05b00000,0x0000004c05c00000) (1024K)]
  0x000001969a307a30 JavaThread "C2 CompilerThread4"         daemon [_thread_blocked, id=27768, stack(0x0000004c0cd00000,0x0000004c0ce00000) (1024K)]
  0x0000019698baca90 JavaThread "C2 CompilerThread5"         daemon [_thread_blocked, id=40608, stack(0x0000004c0ce00000,0x0000004c0cf00000) (1024K)]
  0x000001969d2e3ff0 JavaThread "C2 CompilerThread6"         daemon [_thread_blocked, id=37000, stack(0x0000004c0cf00000,0x0000004c0d000000) (1024K)]
  0x000001969a305820 JavaThread "C2 CompilerThread7"         daemon [_thread_blocked, id=11876, stack(0x0000004c0d000000,0x0000004c0d100000) (1024K)]
  0x0000019693a58b10 JavaThread "Unconstrained build operations Thread 152"        [_thread_blocked, id=17552, stack(0x0000004c0e000000,0x0000004c0e100000) (1024K)]
  0x0000019694ebf3c0 JavaThread "Unconstrained build operations Thread 153"        [_thread_blocked, id=38320, stack(0x0000004c0e100000,0x0000004c0e200000) (1024K)]
  0x0000019694ebfa50 JavaThread "Unconstrained build operations Thread 154"        [_thread_blocked, id=29828, stack(0x0000004c0e200000,0x0000004c0e300000) (1024K)]
  0x0000019695433990 JavaThread "Unconstrained build operations Thread 155"        [_thread_blocked, id=45668, stack(0x0000004c0e300000,0x0000004c0e400000) (1024K)]
  0x0000019691c38520 JavaThread "Unconstrained build operations Thread 156"        [_thread_blocked, id=4616, stack(0x0000004c0e400000,0x0000004c0e500000) (1024K)]
  0x0000019691c38bb0 JavaThread "Unconstrained build operations Thread 157"        [_thread_blocked, id=9736, stack(0x0000004c0e500000,0x0000004c0e600000) (1024K)]
  0x0000019691c3a5f0 JavaThread "Unconstrained build operations Thread 158"        [_thread_blocked, id=33252, stack(0x0000004c0e600000,0x0000004c0e700000) (1024K)]
  0x0000019691c39240 JavaThread "Unconstrained build operations Thread 159"        [_thread_blocked, id=33836, stack(0x0000004c0e700000,0x0000004c0e800000) (1024K)]
  0x000001968f656c00 JavaThread "Unconstrained build operations Thread 160"        [_thread_blocked, id=22368, stack(0x0000004c0e800000,0x0000004c0e900000) (1024K)]
Total: 267

Other Threads:
  0x00000196fab8aa80 VMThread "VM Thread"                           [id=41004, stack(0x0000004c76800000,0x0000004c76900000) (1024K)]
  0x00000196faa147b0 WatcherThread "VM Periodic Task Thread"        [id=8240, stack(0x0000004c76700000,0x0000004c76800000) (1024K)]
  0x00000196f36a81c0 WorkerThread "GC Thread#0"                     [id=3164, stack(0x0000004c76200000,0x0000004c76300000) (1024K)]
  0x00000196ff48eaa0 WorkerThread "GC Thread#1"                     [id=19704, stack(0x0000004c77a00000,0x0000004c77b00000) (1024K)]
  0x00000196ff48ee40 WorkerThread "GC Thread#2"                     [id=42860, stack(0x0000004c77b00000,0x0000004c77c00000) (1024K)]
  0x00000196ff491640 WorkerThread "GC Thread#3"                     [id=30480, stack(0x0000004c77c00000,0x0000004c77d00000) (1024K)]
  0x00000196ff4919e0 WorkerThread "GC Thread#4"                     [id=4180, stack(0x0000004c77d00000,0x0000004c77e00000) (1024K)]
  0x00000196ff491d80 WorkerThread "GC Thread#5"                     [id=45252, stack(0x0000004c77e00000,0x0000004c77f00000) (1024K)]
  0x0000019690502430 WorkerThread "GC Thread#6"                     [id=29684, stack(0x0000004c77f00000,0x0000004c78000000) (1024K)]
  0x00000196904a5980 WorkerThread "GC Thread#7"                     [id=40088, stack(0x0000004c78000000,0x0000004c78100000) (1024K)]
  0x00000196905ae960 WorkerThread "GC Thread#8"                     [id=25928, stack(0x0000004c78b00000,0x0000004c78c00000) (1024K)]
  0x00000196905af7e0 WorkerThread "GC Thread#9"                     [id=7708, stack(0x0000004c78c00000,0x0000004c78d00000) (1024K)]
  0x00000196905aed00 WorkerThread "GC Thread#10"                    [id=23700, stack(0x0000004c78d00000,0x0000004c78e00000) (1024K)]
  0x00000196905aff20 WorkerThread "GC Thread#11"                    [id=16208, stack(0x0000004c78e00000,0x0000004c78f00000) (1024K)]
=>0x00000196905af0a0 WorkerThread "GC Thread#12"                    [id=18276, stack(0x0000004c78f00000,0x0000004c79000000) (1024K)]
  0x00000196f36ad8c0 ConcurrentGCThread "G1 Main Marker"            [id=31160, stack(0x0000004c76300000,0x0000004c76400000) (1024K)]
  0x00000196f36affc0 WorkerThread "G1 Conc#0"                       [id=21532, stack(0x0000004c76400000,0x0000004c76500000) (1024K)]
  0x00000196905b02c0 WorkerThread "G1 Conc#1"                       [id=23832, stack(0x0000004c79000000,0x0000004c79100000) (1024K)]
  0x00000196905af440 WorkerThread "G1 Conc#2"                       [id=44268, stack(0x0000004c79100000,0x0000004c79200000) (1024K)]
  0x00000196fa8e4ea0 ConcurrentGCThread "G1 Refine#0"               [id=20620, stack(0x0000004c76500000,0x0000004c76600000) (1024K)]
  0x00000196fa8e56c0 ConcurrentGCThread "G1 Service"                [id=8448, stack(0x0000004c76600000,0x0000004c76700000) (1024K)]
Total: 21

Threads with active compile tasks:
C2 CompilerThread1  3182187 53527       4       com.android.tools.r8.internal.qo0::b (81 bytes)
C2 CompilerThread2  3182187 53528       4       com.android.tools.r8.internal.qo0::c (184 bytes)
C2 CompilerThread3  3182187 53519 %     4       com.android.tools.r8.internal.M3::b @ 755 (1483 bytes)
C2 CompilerThread5  3182187 53513       4       com.android.tools.r8.internal.W8::a (170 bytes)
C2 CompilerThread7  3182187 53532       4       com.android.tools.r8.internal.zx0::U (37 bytes)
Total: 5

VM state: at safepoint (normal execution)

VM Mutex/Monitor currently owned by a thread:  ([mutex/lock_event])
[0x00007ffeeb11e3a0] Threads_lock - owner thread: 0x00000196fab8aa80
[0x00007ffeeb11e4a0] Heap_lock - owner thread: 0x000001968f656c00

Heap address: 0x00000000e0000000, size: 512 MB, Compressed Oops mode: 32-bit

CDS archive(s) not mapped
Compressed class space mapped at: 0x0000000100000000-0x0000000114000000, reserved size: 335544320
Narrow klass base: 0x0000000000000000, Narrow klass shift: 3, Narrow klass range: 0x114000000

GC Precious Log:
 CardTable entry size: 512
 Card Set container configuration: InlinePtr #cards 5 size 8 Array Of Cards #cards 12 size 40 Howl #buckets 4 coarsen threshold 1843 Howl Bitmap #cards 512 size 80 coarsen threshold 460 Card regions per heap region 1 cards per card region 2048
 CPUs: 16 total, 16 available
 Memory: 31864M
 Large Page Support: Disabled
 NUMA Support: Disabled
 Compressed Oops: Enabled (32-bit)
 Heap Region Size: 1M
 Heap Min Capacity: 256M
 Heap Initial Capacity: 256M
 Heap Max Capacity: 512M
 Pre-touch: Disabled
 Parallel Workers: 13
 Concurrent Workers: 3
 Concurrent Refinement Workers: 13
 Periodic GC: Disabled

Heap:
 garbage-first heap   total 524288K, used 492927K [0x00000000e0000000, 0x0000000100000000)
  region size 1024K, 77 young (78848K), 3 survivors (3072K)
 Metaspace       used 181904K, committed 183232K, reserved 524288K
  class space    used 22962K, committed 23616K, reserved 327680K

Heap Regions: E=young(eden), S=young(survivor), O=old, HS=humongous(starts), HC=humongous(continues), CS=collection set, F=free, TAMS=top-at-mark-start, PB=parsable bottom
|   0|0x00000000e0000000, 0x00000000e0100000, 0x00000000e0100000|100%|HS|  |TAMS 0x00000000e0100000| PB 0x00000000e0000000| Complete 
|   1|0x00000000e0100000, 0x00000000e0200000, 0x00000000e0200000|100%|HC|  |TAMS 0x00000000e0200000| PB 0x00000000e0100000| Complete 
|   2|0x00000000e0200000, 0x00000000e0300000, 0x00000000e0300000|100%|HC|  |TAMS 0x00000000e0300000| PB 0x00000000e0200000| Complete 
|   3|0x00000000e0300000, 0x00000000e0400000, 0x00000000e0400000|100%| O|  |TAMS 0x00000000e0400000| PB 0x00000000e0300000| Untracked 
|   4|0x00000000e0400000, 0x00000000e0500000, 0x00000000e0500000|100%| O|  |TAMS 0x00000000e0500000| PB 0x00000000e0400000| Untracked 
|   5|0x00000000e0500000, 0x00000000e05ffff8, 0x00000000e0600000| 99%| O|  |TAMS 0x00000000e05ffff8| PB 0x00000000e0500000| Untracked 
|   6|0x00000000e0600000, 0x00000000e0700000, 0x00000000e0700000|100%|HS|  |TAMS 0x00000000e0700000| PB 0x00000000e0600000| Complete 
|   7|0x00000000e0700000, 0x00000000e0800000, 0x00000000e0800000|100%|HS|  |TAMS 0x00000000e0800000| PB 0x00000000e0700000| Complete 
|   8|0x00000000e0800000, 0x00000000e08fffe8, 0x00000000e0900000| 99%| O|  |TAMS 0x00000000e08fffe8| PB 0x00000000e0800000| Untracked 
|   9|0x00000000e0900000, 0x00000000e09fbdb0, 0x00000000e0a00000| 98%| O|  |TAMS 0x00000000e09fbdb0| PB 0x00000000e0900000| Untracked 
|  10|0x00000000e0a00000, 0x00000000e0b00000, 0x00000000e0b00000|100%| O|  |TAMS 0x00000000e0b00000| PB 0x00000000e0a00000| Untracked 
|  11|0x00000000e0b00000, 0x00000000e0c00000, 0x00000000e0c00000|100%|HS|  |TAMS 0x00000000e0c00000| PB 0x00000000e0b00000| Complete 
|  12|0x00000000e0c00000, 0x00000000e0cffff0, 0x00000000e0d00000| 99%| O|  |TAMS 0x00000000e0cffff0| PB 0x00000000e0c00000| Untracked 
|  13|0x00000000e0d00000, 0x00000000e0e00000, 0x00000000e0e00000|100%|HS|  |TAMS 0x00000000e0e00000| PB 0x00000000e0d00000| Complete 
|  14|0x00000000e0e00000, 0x00000000e0f00000, 0x00000000e0f00000|100%|HC|  |TAMS 0x00000000e0f00000| PB 0x00000000e0e00000| Complete 
|  15|0x00000000e0f00000, 0x00000000e1000000, 0x00000000e1000000|100%|HC|  |TAMS 0x00000000e1000000| PB 0x00000000e0f00000| Complete 
|  16|0x00000000e1000000, 0x00000000e1100000, 0x00000000e1100000|100%|HC|  |TAMS 0x00000000e1100000| PB 0x00000000e1000000| Complete 
|  17|0x00000000e1100000, 0x00000000e1200000, 0x00000000e1200000|100%|HC|  |TAMS 0x00000000e1200000| PB 0x00000000e1100000| Complete 
|  18|0x00000000e1200000, 0x00000000e1300000, 0x00000000e1300000|100%|HC|  |TAMS 0x00000000e1300000| PB 0x00000000e1200000| Complete 
|  19|0x00000000e1300000, 0x00000000e1400000, 0x00000000e1400000|100%|HS|  |TAMS 0x00000000e1400000| PB 0x00000000e1300000| Complete 
|  20|0x00000000e1400000, 0x00000000e1500000, 0x00000000e1500000|100%|HC|  |TAMS 0x00000000e1500000| PB 0x00000000e1400000| Complete 
|  21|0x00000000e1500000, 0x00000000e1600000, 0x00000000e1600000|100%|HC|  |TAMS 0x00000000e1600000| PB 0x00000000e1500000| Complete 
|  22|0x00000000e1600000, 0x00000000e1700000, 0x00000000e1700000|100%|HC|  |TAMS 0x00000000e1700000| PB 0x00000000e1600000| Complete 
|  23|0x00000000e1700000, 0x00000000e1800000, 0x00000000e1800000|100%|HS|  |TAMS 0x00000000e1800000| PB 0x00000000e1700000| Complete 
|  24|0x00000000e1800000, 0x00000000e1900000, 0x00000000e1900000|100%|HC|  |TAMS 0x00000000e1900000| PB 0x00000000e1800000| Complete 
|  25|0x00000000e1900000, 0x00000000e1a00000, 0x00000000e1a00000|100%| O|  |TAMS 0x00000000e1a00000| PB 0x00000000e1900000| Untracked 
|  26|0x00000000e1a00000, 0x00000000e1b00000, 0x00000000e1b00000|100%| O|  |TAMS 0x00000000e1b00000| PB 0x00000000e1a00000| Untracked 
|  27|0x00000000e1b00000, 0x00000000e1bffff8, 0x00000000e1c00000| 99%| O|  |TAMS 0x00000000e1bffff8| PB 0x00000000e1b00000| Untracked 
|  28|0x00000000e1c00000, 0x00000000e1d00000, 0x00000000e1d00000|100%| O|  |TAMS 0x00000000e1d00000| PB 0x00000000e1c00000| Untracked 
|  29|0x00000000e1d00000, 0x00000000e1e00000, 0x00000000e1e00000|100%| O|  |TAMS 0x00000000e1e00000| PB 0x00000000e1d00000| Untracked 
|  30|0x00000000e1e00000, 0x00000000e1ef4840, 0x00000000e1f00000| 95%| O|  |TAMS 0x00000000e1ef4840| PB 0x00000000e1e00000| Untracked 
|  31|0x00000000e1f00000, 0x00000000e1ffffe8, 0x00000000e2000000| 99%| O|  |TAMS 0x00000000e1ffffe8| PB 0x00000000e1f00000| Untracked 
|  32|0x00000000e2000000, 0x00000000e2100000, 0x00000000e2100000|100%|HS|  |TAMS 0x00000000e2100000| PB 0x00000000e2000000| Complete 
|  33|0x00000000e2100000, 0x00000000e2200000, 0x00000000e2200000|100%|HC|  |TAMS 0x00000000e2200000| PB 0x00000000e2100000| Complete 
|  34|0x00000000e2200000, 0x00000000e2300000, 0x00000000e2300000|100%|HC|  |TAMS 0x00000000e2300000| PB 0x00000000e2200000| Complete 
|  35|0x00000000e2300000, 0x00000000e2400000, 0x00000000e2400000|100%|HC|  |TAMS 0x00000000e2400000| PB 0x00000000e2300000| Complete 
|  36|0x00000000e2400000, 0x00000000e2500000, 0x00000000e2500000|100%|HC|  |TAMS 0x00000000e2500000| PB 0x00000000e2400000| Complete 
|  37|0x00000000e2500000, 0x00000000e2600000, 0x00000000e2600000|100%|HC|  |TAMS 0x00000000e2600000| PB 0x00000000e2500000| Complete 
|  38|0x00000000e2600000, 0x00000000e2700000, 0x00000000e2700000|100%|HS|  |TAMS 0x00000000e2700000| PB 0x00000000e2600000| Complete 
|  39|0x00000000e2700000, 0x00000000e2800000, 0x00000000e2800000|100%|HS|  |TAMS 0x00000000e2800000| PB 0x00000000e2700000| Complete 
|  40|0x00000000e2800000, 0x00000000e2900000, 0x00000000e2900000|100%|HC|  |TAMS 0x00000000e2900000| PB 0x00000000e2800000| Complete 
|  41|0x00000000e2900000, 0x00000000e2a00000, 0x00000000e2a00000|100%|HC|  |TAMS 0x00000000e2a00000| PB 0x00000000e2900000| Complete 
|  42|0x00000000e2a00000, 0x00000000e2b00000, 0x00000000e2b00000|100%|HC|  |TAMS 0x00000000e2b00000| PB 0x00000000e2a00000| Complete 
|  43|0x00000000e2b00000, 0x00000000e2c00000, 0x00000000e2c00000|100%|HS|  |TAMS 0x00000000e2c00000| PB 0x00000000e2b00000| Complete 
|  44|0x00000000e2c00000, 0x00000000e2d00000, 0x00000000e2d00000|100%|HC|  |TAMS 0x00000000e2d00000| PB 0x00000000e2c00000| Complete 
|  45|0x00000000e2d00000, 0x00000000e2e00000, 0x00000000e2e00000|100%|HS|  |TAMS 0x00000000e2e00000| PB 0x00000000e2d00000| Complete 
|  46|0x00000000e2e00000, 0x00000000e2efffc0, 0x00000000e2f00000| 99%| O|  |TAMS 0x00000000e2efffc0| PB 0x00000000e2e00000| Untracked 
|  47|0x00000000e2f00000, 0x00000000e3000000, 0x00000000e3000000|100%| O|  |TAMS 0x00000000e3000000| PB 0x00000000e2f00000| Untracked 
|  48|0x00000000e3000000, 0x00000000e30ffff8, 0x00000000e3100000| 99%| O|  |TAMS 0x00000000e30ffff8| PB 0x00000000e3000000| Untracked 
|  49|0x00000000e3100000, 0x00000000e3200000, 0x00000000e3200000|100%| O|  |TAMS 0x00000000e3200000| PB 0x00000000e3100000| Untracked 
|  50|0x00000000e3200000, 0x00000000e32fdaf8, 0x00000000e3300000| 99%| O|  |TAMS 0x00000000e32fdaf8| PB 0x00000000e3200000| Untracked 
|  51|0x00000000e3300000, 0x00000000e33ffff0, 0x00000000e3400000| 99%| O|  |TAMS 0x00000000e33ffff0| PB 0x00000000e3300000| Untracked 
|  52|0x00000000e3400000, 0x00000000e3500000, 0x00000000e3500000|100%|HS|  |TAMS 0x00000000e3500000| PB 0x00000000e3400000| Complete 
|  53|0x00000000e3500000, 0x00000000e3600000, 0x00000000e3600000|100%| O|  |TAMS 0x00000000e3600000| PB 0x00000000e3500000| Untracked 
|  54|0x00000000e3600000, 0x00000000e36ffff8, 0x00000000e3700000| 99%| O|  |TAMS 0x00000000e36ffff8| PB 0x00000000e3600000| Untracked 
|  55|0x00000000e3700000, 0x00000000e37fac10, 0x00000000e3800000| 97%| O|  |TAMS 0x00000000e37fac10| PB 0x00000000e3700000| Untracked 
|  56|0x00000000e3800000, 0x00000000e38fffe8, 0x00000000e3900000| 99%| O|  |TAMS 0x00000000e38fffe8| PB 0x00000000e3800000| Untracked 
|  57|0x00000000e3900000, 0x00000000e3a00000, 0x00000000e3a00000|100%| O|  |TAMS 0x00000000e3a00000| PB 0x00000000e3900000| Untracked 
|  58|0x00000000e3a00000, 0x00000000e3affff8, 0x00000000e3b00000| 99%| O|  |TAMS 0x00000000e3affff8| PB 0x00000000e3a00000| Untracked 
|  59|0x00000000e3b00000, 0x00000000e3c00000, 0x00000000e3c00000|100%|HS|  |TAMS 0x00000000e3c00000| PB 0x00000000e3b00000| Complete 
|  60|0x00000000e3c00000, 0x00000000e3cf7830, 0x00000000e3d00000| 96%| O|  |TAMS 0x00000000e3cf7830| PB 0x00000000e3c00000| Untracked 
|  61|0x00000000e3d00000, 0x00000000e3dfffe8, 0x00000000e3e00000| 99%| O|  |TAMS 0x00000000e3dfffe8| PB 0x00000000e3d00000| Untracked 
|  62|0x00000000e3e00000, 0x00000000e3efffe0, 0x00000000e3f00000| 99%| O|  |TAMS 0x00000000e3efffe0| PB 0x00000000e3e00000| Untracked 
|  63|0x00000000e3f00000, 0x00000000e3fffff8, 0x00000000e4000000| 99%| O|  |TAMS 0x00000000e3fffff8| PB 0x00000000e3f00000| Untracked 
|  64|0x00000000e4000000, 0x00000000e40fa640, 0x00000000e4100000| 97%| O|  |TAMS 0x00000000e40fa640| PB 0x00000000e4000000| Untracked 
|  65|0x00000000e4100000, 0x00000000e41ffff8, 0x00000000e4200000| 99%| O|  |TAMS 0x00000000e41ffff8| PB 0x00000000e4100000| Untracked 
|  66|0x00000000e4200000, 0x00000000e42ffff8, 0x00000000e4300000| 99%| O|  |TAMS 0x00000000e42ffff8| PB 0x00000000e4200000| Untracked 
|  67|0x00000000e4300000, 0x00000000e43fafb8, 0x00000000e4400000| 98%| O|  |TAMS 0x00000000e43fafb8| PB 0x00000000e4300000| Untracked 
|  68|0x00000000e4400000, 0x00000000e44ffff0, 0x00000000e4500000| 99%| O|  |TAMS 0x00000000e44ffff0| PB 0x00000000e4400000| Untracked 
|  69|0x00000000e4500000, 0x00000000e45ffff0, 0x00000000e4600000| 99%| O|  |TAMS 0x00000000e45ffff0| PB 0x00000000e4500000| Untracked 
|  70|0x00000000e4600000, 0x00000000e46ffff8, 0x00000000e4700000| 99%| O|  |TAMS 0x00000000e46ffff8| PB 0x00000000e4600000| Untracked 
|  71|0x00000000e4700000, 0x00000000e47fffd8, 0x00000000e4800000| 99%| O|  |TAMS 0x00000000e47fffd8| PB 0x00000000e4700000| Untracked 
|  72|0x00000000e4800000, 0x00000000e48ffff8, 0x00000000e4900000| 99%| O|  |TAMS 0x00000000e48ffff8| PB 0x00000000e4800000| Untracked 
|  73|0x00000000e4900000, 0x00000000e49ffff0, 0x00000000e4a00000| 99%| O|  |TAMS 0x00000000e49ffff0| PB 0x00000000e4900000| Untracked 
|  74|0x00000000e4a00000, 0x00000000e4b00000, 0x00000000e4b00000|100%|HS|  |TAMS 0x00000000e4b00000| PB 0x00000000e4a00000| Complete 
|  75|0x00000000e4b00000, 0x00000000e4bfff98, 0x00000000e4c00000| 99%| O|  |TAMS 0x00000000e4bfff98| PB 0x00000000e4b00000| Untracked 
|  76|0x00000000e4c00000, 0x00000000e4cfffe8, 0x00000000e4d00000| 99%| O|  |TAMS 0x00000000e4cfffe8| PB 0x00000000e4c00000| Untracked 
|  77|0x00000000e4d00000, 0x00000000e4dffff0, 0x00000000e4e00000| 99%| O|  |TAMS 0x00000000e4dffff0| PB 0x00000000e4d00000| Untracked 
|  78|0x00000000e4e00000, 0x00000000e4efffa8, 0x00000000e4f00000| 99%| O|  |TAMS 0x00000000e4efffa8| PB 0x00000000e4e00000| Untracked 
|  79|0x00000000e4f00000, 0x00000000e5000000, 0x00000000e5000000|100%| O|  |TAMS 0x00000000e5000000| PB 0x00000000e4f00000| Untracked 
|  80|0x00000000e5000000, 0x00000000e50ffff8, 0x00000000e5100000| 99%| O|  |TAMS 0x00000000e50ffff8| PB 0x00000000e5000000| Untracked 
|  81|0x00000000e5100000, 0x00000000e51fe418, 0x00000000e5200000| 99%| O|  |TAMS 0x00000000e51fe418| PB 0x00000000e5100000| Untracked 
|  82|0x00000000e5200000, 0x00000000e52fffa8, 0x00000000e5300000| 99%| O|  |TAMS 0x00000000e52fffa8| PB 0x00000000e5200000| Untracked 
|  83|0x00000000e5300000, 0x00000000e5400000, 0x00000000e5400000|100%| O|  |TAMS 0x00000000e5400000| PB 0x00000000e5300000| Untracked 
|  84|0x00000000e5400000, 0x00000000e54fff98, 0x00000000e5500000| 99%| O|  |TAMS 0x00000000e54fff98| PB 0x00000000e5400000| Untracked 
|  85|0x00000000e5500000, 0x00000000e5600000, 0x00000000e5600000|100%| O|  |TAMS 0x00000000e5600000| PB 0x00000000e5500000| Untracked 
|  86|0x00000000e5600000, 0x00000000e56fffa8, 0x00000000e5700000| 99%| O|  |TAMS 0x00000000e56fffa8| PB 0x00000000e5600000| Untracked 
|  87|0x00000000e5700000, 0x00000000e57ffec0, 0x00000000e5800000| 99%| O|  |TAMS 0x00000000e57ffec0| PB 0x00000000e5700000| Untracked 
|  88|0x00000000e5800000, 0x00000000e58fffd0, 0x00000000e5900000| 99%| O|  |TAMS 0x00000000e58fffd0| PB 0x00000000e5800000| Untracked 
|  89|0x00000000e5900000, 0x00000000e5a00000, 0x00000000e5a00000|100%|HS|  |TAMS 0x00000000e5a00000| PB 0x00000000e5900000| Complete 
|  90|0x00000000e5a00000, 0x00000000e5b00000, 0x00000000e5b00000|100%|HC|  |TAMS 0x00000000e5b00000| PB 0x00000000e5a00000| Complete 
|  91|0x00000000e5b00000, 0x00000000e5bfffe0, 0x00000000e5c00000| 99%| O|  |TAMS 0x00000000e5bfffe0| PB 0x00000000e5b00000| Untracked 
|  92|0x00000000e5c00000, 0x00000000e5cff938, 0x00000000e5d00000| 99%| O|  |TAMS 0x00000000e5cff938| PB 0x00000000e5c00000| Untracked 
|  93|0x00000000e5d00000, 0x00000000e5e00000, 0x00000000e5e00000|100%|HS|  |TAMS 0x00000000e5e00000| PB 0x00000000e5d00000| Complete 
|  94|0x00000000e5e00000, 0x00000000e5effc68, 0x00000000e5f00000| 99%| O|  |TAMS 0x00000000e5effc68| PB 0x00000000e5e00000| Untracked 
|  95|0x00000000e5f00000, 0x00000000e5fffff8, 0x00000000e6000000| 99%| O|  |TAMS 0x00000000e5fffff8| PB 0x00000000e5f00000| Untracked 
|  96|0x00000000e6000000, 0x00000000e60ffff0, 0x00000000e6100000| 99%| O|  |TAMS 0x00000000e60ffff0| PB 0x00000000e6000000| Untracked 
|  97|0x00000000e6100000, 0x00000000e6200000, 0x00000000e6200000|100%| O|  |TAMS 0x00000000e6200000| PB 0x00000000e6100000| Untracked 
|  98|0x00000000e6200000, 0x00000000e62ffff0, 0x00000000e6300000| 99%| O|  |TAMS 0x00000000e62ffff0| PB 0x00000000e6200000| Untracked 
|  99|0x00000000e6300000, 0x00000000e6400000, 0x00000000e6400000|100%| O|  |TAMS 0x00000000e6400000| PB 0x00000000e6300000| Untracked 
| 100|0x00000000e6400000, 0x00000000e64fffe8, 0x00000000e6500000| 99%| O|  |TAMS 0x00000000e64fffe8| PB 0x00000000e6400000| Untracked 
| 101|0x00000000e6500000, 0x00000000e6600000, 0x00000000e6600000|100%| O|  |TAMS 0x00000000e6600000| PB 0x00000000e6500000| Untracked 
| 102|0x00000000e6600000, 0x00000000e66fdf28, 0x00000000e6700000| 99%| O|  |TAMS 0x00000000e66fdf28| PB 0x00000000e6600000| Untracked 
| 103|0x00000000e6700000, 0x00000000e67fffc8, 0x00000000e6800000| 99%| O|  |TAMS 0x00000000e67fffc8| PB 0x00000000e6700000| Untracked 
| 104|0x00000000e6800000, 0x00000000e6900000, 0x00000000e6900000|100%| O|  |TAMS 0x00000000e6900000| PB 0x00000000e6800000| Untracked 
| 105|0x00000000e6900000, 0x00000000e69fffa0, 0x00000000e6a00000| 99%| O|  |TAMS 0x00000000e69fffa0| PB 0x00000000e6900000| Untracked 
| 106|0x00000000e6a00000, 0x00000000e6afffc8, 0x00000000e6b00000| 99%| O|  |TAMS 0x00000000e6afffc8| PB 0x00000000e6a00000| Untracked 
| 107|0x00000000e6b00000, 0x00000000e6c00000, 0x00000000e6c00000|100%|HS|  |TAMS 0x00000000e6c00000| PB 0x00000000e6b00000| Complete 
| 108|0x00000000e6c00000, 0x00000000e6d00000, 0x00000000e6d00000|100%|HC|  |TAMS 0x00000000e6d00000| PB 0x00000000e6c00000| Complete 
| 109|0x00000000e6d00000, 0x00000000e6e00000, 0x00000000e6e00000|100%| O|  |TAMS 0x00000000e6e00000| PB 0x00000000e6d00000| Untracked 
| 110|0x00000000e6e00000, 0x00000000e6effaf8, 0x00000000e6f00000| 99%| O|  |TAMS 0x00000000e6effaf8| PB 0x00000000e6e00000| Untracked 
| 111|0x00000000e6f00000, 0x00000000e7000000, 0x00000000e7000000|100%| O|  |TAMS 0x00000000e7000000| PB 0x00000000e6f00000| Untracked 
| 112|0x00000000e7000000, 0x00000000e70d71b0, 0x00000000e7100000| 84%| O|  |TAMS 0x00000000e70d71b0| PB 0x00000000e7000000| Untracked 
| 113|0x00000000e7100000, 0x00000000e7200000, 0x00000000e7200000|100%|HS|  |TAMS 0x00000000e7200000| PB 0x00000000e7100000| Complete 
| 114|0x00000000e7200000, 0x00000000e7300000, 0x00000000e7300000|100%|HS|  |TAMS 0x00000000e7300000| PB 0x00000000e7200000| Complete 
| 115|0x00000000e7300000, 0x00000000e7400000, 0x00000000e7400000|100%| O|  |TAMS 0x00000000e7400000| PB 0x00000000e7300000| Untracked 
| 116|0x00000000e7400000, 0x00000000e7500000, 0x00000000e7500000|100%| O|  |TAMS 0x00000000e7500000| PB 0x00000000e7400000| Untracked 
| 117|0x00000000e7500000, 0x00000000e7600000, 0x00000000e7600000|100%| O|  |TAMS 0x00000000e7600000| PB 0x00000000e7500000| Untracked 
| 118|0x00000000e7600000, 0x00000000e76ffff8, 0x00000000e7700000| 99%| O|  |TAMS 0x00000000e76ffff8| PB 0x00000000e7600000| Untracked 
| 119|0x00000000e7700000, 0x00000000e7800000, 0x00000000e7800000|100%| O|  |TAMS 0x00000000e7800000| PB 0x00000000e7700000| Untracked 
| 120|0x00000000e7800000, 0x00000000e7900000, 0x00000000e7900000|100%| O|  |TAMS 0x00000000e7900000| PB 0x00000000e7800000| Untracked 
| 121|0x00000000e7900000, 0x00000000e79ffc50, 0x00000000e7a00000| 99%| O|  |TAMS 0x00000000e79ffc50| PB 0x00000000e7900000| Untracked 
| 122|0x00000000e7a00000, 0x00000000e7b00000, 0x00000000e7b00000|100%| O|  |TAMS 0x00000000e7b00000| PB 0x00000000e7a00000| Untracked 
| 123|0x00000000e7b00000, 0x00000000e7bffff8, 0x00000000e7c00000| 99%| O|  |TAMS 0x00000000e7bffff8| PB 0x00000000e7b00000| Untracked 
| 124|0x00000000e7c00000, 0x00000000e7cffff0, 0x00000000e7d00000| 99%| O|  |TAMS 0x00000000e7cffff0| PB 0x00000000e7c00000| Untracked 
| 125|0x00000000e7d00000, 0x00000000e7df88f0, 0x00000000e7e00000| 97%| O|  |TAMS 0x00000000e7df88f0| PB 0x00000000e7d00000| Untracked 
| 126|0x00000000e7e00000, 0x00000000e7effff8, 0x00000000e7f00000| 99%| O|  |TAMS 0x00000000e7effff8| PB 0x00000000e7e00000| Untracked 
| 127|0x00000000e7f00000, 0x00000000e7fffff8, 0x00000000e8000000| 99%| O|  |TAMS 0x00000000e7fffff8| PB 0x00000000e7f00000| Untracked 
| 128|0x00000000e8000000, 0x00000000e80ffe38, 0x00000000e8100000| 99%| O|  |TAMS 0x00000000e80ffe38| PB 0x00000000e8000000| Untracked 
| 129|0x00000000e8100000, 0x00000000e81ffff0, 0x00000000e8200000| 99%| O|  |TAMS 0x00000000e81ffff0| PB 0x00000000e8100000| Untracked 
| 130|0x00000000e8200000, 0x00000000e82ffff0, 0x00000000e8300000| 99%| O|  |TAMS 0x00000000e82ffff0| PB 0x00000000e8200000| Untracked 
| 131|0x00000000e8300000, 0x00000000e8400000, 0x00000000e8400000|100%| O|  |TAMS 0x00000000e8400000| PB 0x00000000e8300000| Untracked 
| 132|0x00000000e8400000, 0x00000000e84ffff8, 0x00000000e8500000| 99%| O|  |TAMS 0x00000000e84ffff8| PB 0x00000000e8400000| Untracked 
| 133|0x00000000e8500000, 0x00000000e85ffff8, 0x00000000e8600000| 99%| O|  |TAMS 0x00000000e85ffff8| PB 0x00000000e8500000| Untracked 
| 134|0x00000000e8600000, 0x00000000e8700000, 0x00000000e8700000|100%| O|  |TAMS 0x00000000e8700000| PB 0x00000000e8600000| Untracked 
| 135|0x00000000e8700000, 0x00000000e87fff88, 0x00000000e8800000| 99%| O|  |TAMS 0x00000000e87fff88| PB 0x00000000e8700000| Untracked 
| 136|0x00000000e8800000, 0x00000000e8900000, 0x00000000e8900000|100%|HS|  |TAMS 0x00000000e8900000| PB 0x00000000e8800000| Complete 
| 137|0x00000000e8900000, 0x00000000e8a00000, 0x00000000e8a00000|100%|HC|  |TAMS 0x00000000e8a00000| PB 0x00000000e8900000| Complete 
| 138|0x00000000e8a00000, 0x00000000e8b00000, 0x00000000e8b00000|100%|HC|  |TAMS 0x00000000e8b00000| PB 0x00000000e8a00000| Complete 
| 139|0x00000000e8b00000, 0x00000000e8c00000, 0x00000000e8c00000|100%|HC|  |TAMS 0x00000000e8c00000| PB 0x00000000e8b00000| Complete 
| 140|0x00000000e8c00000, 0x00000000e8d00000, 0x00000000e8d00000|100%|HC|  |TAMS 0x00000000e8d00000| PB 0x00000000e8c00000| Complete 
| 141|0x00000000e8d00000, 0x00000000e8e00000, 0x00000000e8e00000|100%|HC|  |TAMS 0x00000000e8e00000| PB 0x00000000e8d00000| Complete 
| 142|0x00000000e8e00000, 0x00000000e8efffd0, 0x00000000e8f00000| 99%| O|  |TAMS 0x00000000e8efffd0| PB 0x00000000e8e00000| Untracked 
| 143|0x00000000e8f00000, 0x00000000e9000000, 0x00000000e9000000|100%| O|  |TAMS 0x00000000e9000000| PB 0x00000000e8f00000| Untracked 
| 144|0x00000000e9000000, 0x00000000e90fffe8, 0x00000000e9100000| 99%| O|  |TAMS 0x00000000e90fffe8| PB 0x00000000e9000000| Untracked 
| 145|0x00000000e9100000, 0x00000000e91ffff8, 0x00000000e9200000| 99%| O|  |TAMS 0x00000000e91ffff8| PB 0x00000000e9100000| Untracked 
| 146|0x00000000e9200000, 0x00000000e92fffa0, 0x00000000e9300000| 99%| O|  |TAMS 0x00000000e92fffa0| PB 0x00000000e9200000| Untracked 
| 147|0x00000000e9300000, 0x00000000e9400000, 0x00000000e9400000|100%| O|  |TAMS 0x00000000e9400000| PB 0x00000000e9300000| Untracked 
| 148|0x00000000e9400000, 0x00000000e9500000, 0x00000000e9500000|100%|HS|  |TAMS 0x00000000e9500000| PB 0x00000000e9400000| Complete 
| 149|0x00000000e9500000, 0x00000000e9600000, 0x00000000e9600000|100%|HC|  |TAMS 0x00000000e9600000| PB 0x00000000e9500000| Complete 
| 150|0x00000000e9600000, 0x00000000e9700000, 0x00000000e9700000|100%|HC|  |TAMS 0x00000000e9700000| PB 0x00000000e9600000| Complete 
| 151|0x00000000e9700000, 0x00000000e9800000, 0x00000000e9800000|100%|HC|  |TAMS 0x00000000e9800000| PB 0x00000000e9700000| Complete 
| 152|0x00000000e9800000, 0x00000000e9900000, 0x00000000e9900000|100%|HC|  |TAMS 0x00000000e9900000| PB 0x00000000e9800000| Complete 
| 153|0x00000000e9900000, 0x00000000e9a00000, 0x00000000e9a00000|100%|HC|  |TAMS 0x00000000e9a00000| PB 0x00000000e9900000| Complete 
| 154|0x00000000e9a00000, 0x00000000e9affd18, 0x00000000e9b00000| 99%| O|  |TAMS 0x00000000e9affd18| PB 0x00000000e9a00000| Untracked 
| 155|0x00000000e9b00000, 0x00000000e9bfffd0, 0x00000000e9c00000| 99%| O|  |TAMS 0x00000000e9bfffd0| PB 0x00000000e9b00000| Untracked 
| 156|0x00000000e9c00000, 0x00000000e9d00000, 0x00000000e9d00000|100%| O|  |TAMS 0x00000000e9d00000| PB 0x00000000e9c00000| Untracked 
| 157|0x00000000e9d00000, 0x00000000e9dffe28, 0x00000000e9e00000| 99%| O|  |TAMS 0x00000000e9dffe28| PB 0x00000000e9d00000| Untracked 
| 158|0x00000000e9e00000, 0x00000000e9f00000, 0x00000000e9f00000|100%| O|  |TAMS 0x00000000e9f00000| PB 0x00000000e9e00000| Untracked 
| 159|0x00000000e9f00000, 0x00000000e9ffffd8, 0x00000000ea000000| 99%| O|  |TAMS 0x00000000e9ffffd8| PB 0x00000000e9f00000| Untracked 
| 160|0x00000000ea000000, 0x00000000ea0ffff0, 0x00000000ea100000| 99%| O|  |TAMS 0x00000000ea0ffff0| PB 0x00000000ea000000| Untracked 
| 161|0x00000000ea100000, 0x00000000ea1fffd8, 0x00000000ea200000| 99%| O|  |TAMS 0x00000000ea1fffd8| PB 0x00000000ea100000| Untracked 
| 162|0x00000000ea200000, 0x00000000ea2fff60, 0x00000000ea300000| 99%| O|  |TAMS 0x00000000ea2fff60| PB 0x00000000ea200000| Untracked 
| 163|0x00000000ea300000, 0x00000000ea3ffff0, 0x00000000ea400000| 99%| O|  |TAMS 0x00000000ea3ffff0| PB 0x00000000ea300000| Untracked 
| 164|0x00000000ea400000, 0x00000000ea4ffab0, 0x00000000ea500000| 99%| O|  |TAMS 0x00000000ea4ffab0| PB 0x00000000ea400000| Untracked 
| 165|0x00000000ea500000, 0x00000000ea5fc600, 0x00000000ea600000| 98%| O|  |TAMS 0x00000000ea5fc600| PB 0x00000000ea500000| Untracked 
| 166|0x00000000ea600000, 0x00000000ea6ffff0, 0x00000000ea700000| 99%| O|  |TAMS 0x00000000ea6ffff0| PB 0x00000000ea600000| Untracked 
| 167|0x00000000ea700000, 0x00000000ea7ffff0, 0x00000000ea800000| 99%| O|  |TAMS 0x00000000ea7ffff0| PB 0x00000000ea700000| Untracked 
| 168|0x00000000ea800000, 0x00000000ea8ffff0, 0x00000000ea900000| 99%| O|  |TAMS 0x00000000ea8ffff0| PB 0x00000000ea800000| Untracked 
| 169|0x00000000ea900000, 0x00000000ea9fffa0, 0x00000000eaa00000| 99%| O|  |TAMS 0x00000000ea9fffa0| PB 0x00000000ea900000| Untracked 
| 170|0x00000000eaa00000, 0x00000000eab00000, 0x00000000eab00000|100%| O|  |TAMS 0x00000000eab00000| PB 0x00000000eaa00000| Untracked 
| 171|0x00000000eab00000, 0x00000000eabffff0, 0x00000000eac00000| 99%| O|  |TAMS 0x00000000eabffff0| PB 0x00000000eab00000| Untracked 
| 172|0x00000000eac00000, 0x00000000ead00000, 0x00000000ead00000|100%| O|  |TAMS 0x00000000ead00000| PB 0x00000000eac00000| Untracked 
| 173|0x00000000ead00000, 0x00000000eae00000, 0x00000000eae00000|100%| O|  |TAMS 0x00000000eae00000| PB 0x00000000ead00000| Untracked 
| 174|0x00000000eae00000, 0x00000000eaef76e0, 0x00000000eaf00000| 96%| O|  |TAMS 0x00000000eaef76e0| PB 0x00000000eae00000| Untracked 
| 175|0x00000000eaf00000, 0x00000000eafffff0, 0x00000000eb000000| 99%| O|  |TAMS 0x00000000eafffff0| PB 0x00000000eaf00000| Untracked 
| 176|0x00000000eb000000, 0x00000000eb0ffff8, 0x00000000eb100000| 99%| O|  |TAMS 0x00000000eb0ffff8| PB 0x00000000eb000000| Untracked 
| 177|0x00000000eb100000, 0x00000000eb1fe420, 0x00000000eb200000| 99%| O|  |TAMS 0x00000000eb1fe420| PB 0x00000000eb100000| Untracked 
| 178|0x00000000eb200000, 0x00000000eb300000, 0x00000000eb300000|100%| O|  |TAMS 0x00000000eb300000| PB 0x00000000eb200000| Untracked 
| 179|0x00000000eb300000, 0x00000000eb3fffc8, 0x00000000eb400000| 99%| O|  |TAMS 0x00000000eb3fffc8| PB 0x00000000eb300000| Untracked 
| 180|0x00000000eb400000, 0x00000000eb500000, 0x00000000eb500000|100%| O|  |TAMS 0x00000000eb500000| PB 0x00000000eb400000| Untracked 
| 181|0x00000000eb500000, 0x00000000eb5ffff0, 0x00000000eb600000| 99%| O|  |TAMS 0x00000000eb5ffff0| PB 0x00000000eb500000| Untracked 
| 182|0x00000000eb600000, 0x00000000eb6ffff0, 0x00000000eb700000| 99%| O|  |TAMS 0x00000000eb6ffff0| PB 0x00000000eb600000| Untracked 
| 183|0x00000000eb700000, 0x00000000eb800000, 0x00000000eb800000|100%|HS|  |TAMS 0x00000000eb800000| PB 0x00000000eb700000| Complete 
| 184|0x00000000eb800000, 0x00000000eb8ffff8, 0x00000000eb900000| 99%| O|  |TAMS 0x00000000eb8ffff8| PB 0x00000000eb800000| Untracked 
| 185|0x00000000eb900000, 0x00000000eb9fe6b8, 0x00000000eba00000| 99%| O|  |TAMS 0x00000000eb9fe6b8| PB 0x00000000eb900000| Untracked 
| 186|0x00000000eba00000, 0x00000000ebafffe0, 0x00000000ebb00000| 99%| O|  |TAMS 0x00000000ebafffe0| PB 0x00000000eba00000| Untracked 
| 187|0x00000000ebb00000, 0x00000000ebbffff8, 0x00000000ebc00000| 99%| O|  |TAMS 0x00000000ebbffff8| PB 0x00000000ebb00000| Untracked 
| 188|0x00000000ebc00000, 0x00000000ebd00000, 0x00000000ebd00000|100%| O|  |TAMS 0x00000000ebd00000| PB 0x00000000ebc00000| Untracked 
| 189|0x00000000ebd00000, 0x00000000ebdfffe8, 0x00000000ebe00000| 99%| O|  |TAMS 0x00000000ebdfffe8| PB 0x00000000ebd00000| Untracked 
| 190|0x00000000ebe00000, 0x00000000ebeffa70, 0x00000000ebf00000| 99%| O|  |TAMS 0x00000000ebeffa70| PB 0x00000000ebe00000| Untracked 
| 191|0x00000000ebf00000, 0x00000000ec000000, 0x00000000ec000000|100%| O|  |TAMS 0x00000000ec000000| PB 0x00000000ebf00000| Untracked 
| 192|0x00000000ec000000, 0x00000000ec0fffe8, 0x00000000ec100000| 99%| O|  |TAMS 0x00000000ec0fffe8| PB 0x00000000ec000000| Untracked 
| 193|0x00000000ec100000, 0x00000000ec1ffff8, 0x00000000ec200000| 99%| O|  |TAMS 0x00000000ec1ffff8| PB 0x00000000ec100000| Untracked 
| 194|0x00000000ec200000, 0x00000000ec2ffff0, 0x00000000ec300000| 99%| O|  |TAMS 0x00000000ec2ffff0| PB 0x00000000ec200000| Untracked 
| 195|0x00000000ec300000, 0x00000000ec400000, 0x00000000ec400000|100%| O|  |TAMS 0x00000000ec400000| PB 0x00000000ec300000| Untracked 
| 196|0x00000000ec400000, 0x00000000ec4fffe8, 0x00000000ec500000| 99%| O|  |TAMS 0x00000000ec4fffe8| PB 0x00000000ec400000| Untracked 
| 197|0x00000000ec500000, 0x00000000ec5fe040, 0x00000000ec600000| 99%| O|  |TAMS 0x00000000ec5fe040| PB 0x00000000ec500000| Untracked 
| 198|0x00000000ec600000, 0x00000000ec700000, 0x00000000ec700000|100%|HS|  |TAMS 0x00000000ec700000| PB 0x00000000ec600000| Complete 
| 199|0x00000000ec700000, 0x00000000ec7ffff0, 0x00000000ec800000| 99%| O|  |TAMS 0x00000000ec7ffff0| PB 0x00000000ec700000| Untracked 
| 200|0x00000000ec800000, 0x00000000ec8ffff8, 0x00000000ec900000| 99%| O|  |TAMS 0x00000000ec8ffff8| PB 0x00000000ec800000| Untracked 
| 201|0x00000000ec900000, 0x00000000eca00000, 0x00000000eca00000|100%| O|  |TAMS 0x00000000eca00000| PB 0x00000000ec900000| Untracked 
| 202|0x00000000eca00000, 0x00000000ecaff560, 0x00000000ecb00000| 99%| O|  |TAMS 0x00000000ecaff560| PB 0x00000000eca00000| Untracked 
| 203|0x00000000ecb00000, 0x00000000ecbffff8, 0x00000000ecc00000| 99%| O|  |TAMS 0x00000000ecbffff8| PB 0x00000000ecb00000| Untracked 
| 204|0x00000000ecc00000, 0x00000000eccffff0, 0x00000000ecd00000| 99%| O|  |TAMS 0x00000000eccffff0| PB 0x00000000ecc00000| Untracked 
| 205|0x00000000ecd00000, 0x00000000ecdffff8, 0x00000000ece00000| 99%| O|  |TAMS 0x00000000ecdffff8| PB 0x00000000ecd00000| Untracked 
| 206|0x00000000ece00000, 0x00000000eceffff0, 0x00000000ecf00000| 99%| O|  |TAMS 0x00000000eceffff0| PB 0x00000000ece00000| Untracked 
| 207|0x00000000ecf00000, 0x00000000ecffffe8, 0x00000000ed000000| 99%| O|  |TAMS 0x00000000ecffffe8| PB 0x00000000ecf00000| Untracked 
| 208|0x00000000ed000000, 0x00000000ed100000, 0x00000000ed100000|100%| O|  |TAMS 0x00000000ed100000| PB 0x00000000ed000000| Untracked 
| 209|0x00000000ed100000, 0x00000000ed200000, 0x00000000ed200000|100%| O|  |TAMS 0x00000000ed200000| PB 0x00000000ed100000| Untracked 
| 210|0x00000000ed200000, 0x00000000ed2f72f8, 0x00000000ed300000| 96%| O|  |TAMS 0x00000000ed2f72f8| PB 0x00000000ed200000| Untracked 
| 211|0x00000000ed300000, 0x00000000ed3fffd8, 0x00000000ed400000| 99%| O|  |TAMS 0x00000000ed3fffd8| PB 0x00000000ed300000| Untracked 
| 212|0x00000000ed400000, 0x00000000ed4ffff0, 0x00000000ed500000| 99%| O|  |TAMS 0x00000000ed4ffff0| PB 0x00000000ed400000| Untracked 
| 213|0x00000000ed500000, 0x00000000ed600000, 0x00000000ed600000|100%|HS|  |TAMS 0x00000000ed600000| PB 0x00000000ed500000| Complete 
| 214|0x00000000ed600000, 0x00000000ed6ffff0, 0x00000000ed700000| 99%| O|  |TAMS 0x00000000ed6ffff0| PB 0x00000000ed600000| Untracked 
| 215|0x00000000ed700000, 0x00000000ed7ffff8, 0x00000000ed800000| 99%| O|  |TAMS 0x00000000ed7ffff8| PB 0x00000000ed700000| Untracked 
| 216|0x00000000ed800000, 0x00000000ed900000, 0x00000000ed900000|100%| O|  |TAMS 0x00000000ed900000| PB 0x00000000ed800000| Untracked 
| 217|0x00000000ed900000, 0x00000000ed9ffff8, 0x00000000eda00000| 99%| O|  |TAMS 0x00000000ed9ffff8| PB 0x00000000ed900000| Untracked 
| 218|0x00000000eda00000, 0x00000000edafffe0, 0x00000000edb00000| 99%| O|  |TAMS 0x00000000edafffe0| PB 0x00000000eda00000| Untracked 
| 219|0x00000000edb00000, 0x00000000edbffff0, 0x00000000edc00000| 99%| O|  |TAMS 0x00000000edbffff0| PB 0x00000000edb00000| Untracked 
| 220|0x00000000edc00000, 0x00000000edcff0e0, 0x00000000edd00000| 99%| O|  |TAMS 0x00000000edcff0e0| PB 0x00000000edc00000| Untracked 
| 221|0x00000000edd00000, 0x00000000eddfff40, 0x00000000ede00000| 99%| O|  |TAMS 0x00000000eddfff40| PB 0x00000000edd00000| Untracked 
| 222|0x00000000ede00000, 0x00000000edeffff0, 0x00000000edf00000| 99%| O|  |TAMS 0x00000000edeffff0| PB 0x00000000ede00000| Untracked 
| 223|0x00000000edf00000, 0x00000000edfffff8, 0x00000000ee000000| 99%| O|  |TAMS 0x00000000edfffff8| PB 0x00000000edf00000| Untracked 
| 224|0x00000000ee000000, 0x00000000ee100000, 0x00000000ee100000|100%| O|  |TAMS 0x00000000ee100000| PB 0x00000000ee000000| Untracked 
| 225|0x00000000ee100000, 0x00000000ee1fffa0, 0x00000000ee200000| 99%| O|  |TAMS 0x00000000ee1fffa0| PB 0x00000000ee100000| Untracked 
| 226|0x00000000ee200000, 0x00000000ee2ffff0, 0x00000000ee300000| 99%| O|  |TAMS 0x00000000ee2ffff0| PB 0x00000000ee200000| Untracked 
| 227|0x00000000ee300000, 0x00000000ee400000, 0x00000000ee400000|100%| O|  |TAMS 0x00000000ee400000| PB 0x00000000ee300000| Untracked 
| 228|0x00000000ee400000, 0x00000000ee4ffff8, 0x00000000ee500000| 99%| O|  |TAMS 0x00000000ee4ffff8| PB 0x00000000ee400000| Untracked 
| 229|0x00000000ee500000, 0x00000000ee600000, 0x00000000ee600000|100%| O|  |TAMS 0x00000000ee600000| PB 0x00000000ee500000| Untracked 
| 230|0x00000000ee600000, 0x00000000ee6fffe8, 0x00000000ee700000| 99%| O|  |TAMS 0x00000000ee6fffe8| PB 0x00000000ee600000| Untracked 
| 231|0x00000000ee700000, 0x00000000ee800000, 0x00000000ee800000|100%| O|  |TAMS 0x00000000ee700000| PB 0x00000000ee700000| Untracked 
| 232|0x00000000ee800000, 0x00000000ee8a6350, 0x00000000ee900000| 64%| O|  |TAMS 0x00000000ee800000| PB 0x00000000ee800000| Untracked 
| 233|0x00000000ee900000, 0x00000000ee9ffff0, 0x00000000eea00000| 99%| O|  |TAMS 0x00000000ee9ffff0| PB 0x00000000ee900000| Untracked 
| 234|0x00000000eea00000, 0x00000000eeaffff0, 0x00000000eeb00000| 99%| O|  |TAMS 0x00000000eeaffff0| PB 0x00000000eea00000| Untracked 
| 235|0x00000000eeb00000, 0x00000000eec00000, 0x00000000eec00000|100%| O|  |TAMS 0x00000000eec00000| PB 0x00000000eeb00000| Untracked 
| 236|0x00000000eec00000, 0x00000000eec00000, 0x00000000eed00000|  0%| F|  |TAMS 0x00000000eec00000| PB 0x00000000eec00000| Untracked 
| 237|0x00000000eed00000, 0x00000000eedffd10, 0x00000000eee00000| 99%| O|  |TAMS 0x00000000eedffd10| PB 0x00000000eed00000| Untracked 
| 238|0x00000000eee00000, 0x00000000eeefffd0, 0x00000000eef00000| 99%| O|  |TAMS 0x00000000eeefffd0| PB 0x00000000eee00000| Untracked 
| 239|0x00000000eef00000, 0x00000000eeffffd8, 0x00000000ef000000| 99%| O|  |TAMS 0x00000000eeffffd8| PB 0x00000000eef00000| Untracked 
| 240|0x00000000ef000000, 0x00000000ef0ffe48, 0x00000000ef100000| 99%| O|  |TAMS 0x00000000ef0ffe48| PB 0x00000000ef000000| Untracked 
| 241|0x00000000ef100000, 0x00000000ef200000, 0x00000000ef200000|100%| O|  |TAMS 0x00000000ef200000| PB 0x00000000ef100000| Untracked 
| 242|0x00000000ef200000, 0x00000000ef300000, 0x00000000ef300000|100%|HS|  |TAMS 0x00000000ef300000| PB 0x00000000ef200000| Complete 
| 243|0x00000000ef300000, 0x00000000ef3fffe8, 0x00000000ef400000| 99%| O|  |TAMS 0x00000000ef3fffe8| PB 0x00000000ef300000| Untracked 
| 244|0x00000000ef400000, 0x00000000ef4ffff8, 0x00000000ef500000| 99%| O|  |TAMS 0x00000000ef4ffff8| PB 0x00000000ef400000| Untracked 
| 245|0x00000000ef500000, 0x00000000ef5ffff8, 0x00000000ef600000| 99%| O|  |TAMS 0x00000000ef5ffff8| PB 0x00000000ef500000| Untracked 
| 246|0x00000000ef600000, 0x00000000ef6fffe8, 0x00000000ef700000| 99%| O|  |TAMS 0x00000000ef6fffe8| PB 0x00000000ef600000| Untracked 
| 247|0x00000000ef700000, 0x00000000ef800000, 0x00000000ef800000|100%|HS|  |TAMS 0x00000000ef800000| PB 0x00000000ef700000| Complete 
| 248|0x00000000ef800000, 0x00000000ef900000, 0x00000000ef900000|100%|HC|  |TAMS 0x00000000ef900000| PB 0x00000000ef800000| Complete 
| 249|0x00000000ef900000, 0x00000000ef9ffea0, 0x00000000efa00000| 99%| O|  |TAMS 0x00000000ef9ffea0| PB 0x00000000ef900000| Untracked 
| 250|0x00000000efa00000, 0x00000000efb00000, 0x00000000efb00000|100%| O|  |TAMS 0x00000000efb00000| PB 0x00000000efa00000| Untracked 
| 251|0x00000000efb00000, 0x00000000efbfaf70, 0x00000000efc00000| 98%| O|  |TAMS 0x00000000efbfaf70| PB 0x00000000efb00000| Untracked 
| 252|0x00000000efc00000, 0x00000000efd00000, 0x00000000efd00000|100%| O|  |TAMS 0x00000000efd00000| PB 0x00000000efc00000| Untracked 
| 253|0x00000000efd00000, 0x00000000efdffff8, 0x00000000efe00000| 99%| O|  |TAMS 0x00000000efdffff8| PB 0x00000000efd00000| Untracked 
| 254|0x00000000efe00000, 0x00000000efefffd8, 0x00000000eff00000| 99%| O|  |TAMS 0x00000000efefffd8| PB 0x00000000efe00000| Untracked 
| 255|0x00000000eff00000, 0x00000000effffff8, 0x00000000f0000000| 99%| O|  |TAMS 0x00000000effffff8| PB 0x00000000eff00000| Untracked 
| 256|0x00000000f0000000, 0x00000000f00ffff8, 0x00000000f0100000| 99%| O|  |TAMS 0x00000000f00ffff8| PB 0x00000000f0000000| Untracked 
| 257|0x00000000f0100000, 0x00000000f01fffe8, 0x00000000f0200000| 99%| O|  |TAMS 0x00000000f01fffe8| PB 0x00000000f0100000| Untracked 
| 258|0x00000000f0200000, 0x00000000f0300000, 0x00000000f0300000|100%| O|  |TAMS 0x00000000f0300000| PB 0x00000000f0200000| Untracked 
| 259|0x00000000f0300000, 0x00000000f03ffff0, 0x00000000f0400000| 99%| O|  |TAMS 0x00000000f03ffff0| PB 0x00000000f0300000| Untracked 
| 260|0x00000000f0400000, 0x00000000f04ffff8, 0x00000000f0500000| 99%| O|  |TAMS 0x00000000f04ffff8| PB 0x00000000f0400000| Untracked 
| 261|0x00000000f0500000, 0x00000000f05ffff8, 0x00000000f0600000| 99%| O|  |TAMS 0x00000000f05ffff8| PB 0x00000000f0500000| Untracked 
| 262|0x00000000f0600000, 0x00000000f06fffd8, 0x00000000f0700000| 99%| O|  |TAMS 0x00000000f06fffd8| PB 0x00000000f0600000| Untracked 
| 263|0x00000000f0700000, 0x00000000f07ffff0, 0x00000000f0800000| 99%| O|  |TAMS 0x00000000f07ffff0| PB 0x00000000f0700000| Untracked 
| 264|0x00000000f0800000, 0x00000000f08ffff8, 0x00000000f0900000| 99%| O|  |TAMS 0x00000000f08ffff8| PB 0x00000000f0800000| Untracked 
| 265|0x00000000f0900000, 0x00000000f0a00000, 0x00000000f0a00000|100%| O|  |TAMS 0x00000000f0a00000| PB 0x00000000f0900000| Untracked 
| 266|0x00000000f0a00000, 0x00000000f0afffe8, 0x00000000f0b00000| 99%| O|  |TAMS 0x00000000f0afffe8| PB 0x00000000f0a00000| Untracked 
| 267|0x00000000f0b00000, 0x00000000f0bfffd8, 0x00000000f0c00000| 99%| O|  |TAMS 0x00000000f0bfffd8| PB 0x00000000f0b00000| Untracked 
| 268|0x00000000f0c00000, 0x00000000f0cff5e8, 0x00000000f0d00000| 99%| O|  |TAMS 0x00000000f0cff5e8| PB 0x00000000f0c00000| Untracked 
| 269|0x00000000f0d00000, 0x00000000f0dffff0, 0x00000000f0e00000| 99%| O|  |TAMS 0x00000000f0dffff0| PB 0x00000000f0d00000| Untracked 
| 270|0x00000000f0e00000, 0x00000000f0effff0, 0x00000000f0f00000| 99%| O|  |TAMS 0x00000000f0effff0| PB 0x00000000f0e00000| Untracked 
| 271|0x00000000f0f00000, 0x00000000f0fffff0, 0x00000000f1000000| 99%| O|  |TAMS 0x00000000f0fffff0| PB 0x00000000f0f00000| Untracked 
| 272|0x00000000f1000000, 0x00000000f10ffff8, 0x00000000f1100000| 99%| O|  |TAMS 0x00000000f10ffff8| PB 0x00000000f1000000| Untracked 
| 273|0x00000000f1100000, 0x00000000f11fffe8, 0x00000000f1200000| 99%| O|  |TAMS 0x00000000f11fffe8| PB 0x00000000f1100000| Untracked 
| 274|0x00000000f1200000, 0x00000000f12fff78, 0x00000000f1300000| 99%| O|  |TAMS 0x00000000f12fff78| PB 0x00000000f1200000| Untracked 
| 275|0x00000000f1300000, 0x00000000f13ffff8, 0x00000000f1400000| 99%| O|  |TAMS 0x00000000f13ffff8| PB 0x00000000f1300000| Untracked 
| 276|0x00000000f1400000, 0x00000000f14fffe8, 0x00000000f1500000| 99%| O|  |TAMS 0x00000000f14fffe8| PB 0x00000000f1400000| Untracked 
| 277|0x00000000f1500000, 0x00000000f15ff020, 0x00000000f1600000| 99%| O|  |TAMS 0x00000000f15ff020| PB 0x00000000f1500000| Untracked 
| 278|0x00000000f1600000, 0x00000000f1700000, 0x00000000f1700000|100%| O|  |TAMS 0x00000000f1700000| PB 0x00000000f1600000| Untracked 
| 279|0x00000000f1700000, 0x00000000f17fff88, 0x00000000f1800000| 99%| O|  |TAMS 0x00000000f17fff88| PB 0x00000000f1700000| Untracked 
| 280|0x00000000f1800000, 0x00000000f18ffa88, 0x00000000f1900000| 99%| O|  |TAMS 0x00000000f18ffa88| PB 0x00000000f1800000| Untracked 
| 281|0x00000000f1900000, 0x00000000f19fffe8, 0x00000000f1a00000| 99%| O|  |TAMS 0x00000000f19fffe8| PB 0x00000000f1900000| Untracked 
| 282|0x00000000f1a00000, 0x00000000f1affff0, 0x00000000f1b00000| 99%| O|  |TAMS 0x00000000f1affff0| PB 0x00000000f1a00000| Untracked 
| 283|0x00000000f1b00000, 0x00000000f1c00000, 0x00000000f1c00000|100%| O|  |TAMS 0x00000000f1c00000| PB 0x00000000f1b00000| Untracked 
| 284|0x00000000f1c00000, 0x00000000f1d00000, 0x00000000f1d00000|100%| O|  |TAMS 0x00000000f1d00000| PB 0x00000000f1c00000| Untracked 
| 285|0x00000000f1d00000, 0x00000000f1dfffb8, 0x00000000f1e00000| 99%| O|  |TAMS 0x00000000f1dfffb8| PB 0x00000000f1d00000| Untracked 
| 286|0x00000000f1e00000, 0x00000000f1effff0, 0x00000000f1f00000| 99%| O|  |TAMS 0x00000000f1effff0| PB 0x00000000f1e00000| Untracked 
| 287|0x00000000f1f00000, 0x00000000f1fffff8, 0x00000000f2000000| 99%| O|  |TAMS 0x00000000f1fffff8| PB 0x00000000f1f00000| Untracked 
| 288|0x00000000f2000000, 0x00000000f20ffff0, 0x00000000f2100000| 99%| O|  |TAMS 0x00000000f20ffff0| PB 0x00000000f2000000| Untracked 
| 289|0x00000000f2100000, 0x00000000f21ffff8, 0x00000000f2200000| 99%| O|  |TAMS 0x00000000f21ffff8| PB 0x00000000f2100000| Untracked 
| 290|0x00000000f2200000, 0x00000000f22ff910, 0x00000000f2300000| 99%| O|  |TAMS 0x00000000f22ff910| PB 0x00000000f2200000| Untracked 
| 291|0x00000000f2300000, 0x00000000f23ffff0, 0x00000000f2400000| 99%| O|  |TAMS 0x00000000f23ffff0| PB 0x00000000f2300000| Untracked 
| 292|0x00000000f2400000, 0x00000000f24fffd8, 0x00000000f2500000| 99%| O|  |TAMS 0x00000000f24fffd8| PB 0x00000000f2400000| Untracked 
| 293|0x00000000f2500000, 0x00000000f25ffff8, 0x00000000f2600000| 99%| O|  |TAMS 0x00000000f25ffff8| PB 0x00000000f2500000| Untracked 
| 294|0x00000000f2600000, 0x00000000f26fffc0, 0x00000000f2700000| 99%| O|  |TAMS 0x00000000f26fffc0| PB 0x00000000f2600000| Untracked 
| 295|0x00000000f2700000, 0x00000000f2800000, 0x00000000f2800000|100%| O|  |TAMS 0x00000000f2800000| PB 0x00000000f2700000| Untracked 
| 296|0x00000000f2800000, 0x00000000f28fdae0, 0x00000000f2900000| 99%| O|  |TAMS 0x00000000f28fdae0| PB 0x00000000f2800000| Untracked 
| 297|0x00000000f2900000, 0x00000000f29ffff8, 0x00000000f2a00000| 99%| O|  |TAMS 0x00000000f29ffff8| PB 0x00000000f2900000| Untracked 
| 298|0x00000000f2a00000, 0x00000000f2afffe8, 0x00000000f2b00000| 99%| O|  |TAMS 0x00000000f2afffe8| PB 0x00000000f2a00000| Untracked 
| 299|0x00000000f2b00000, 0x00000000f2c00000, 0x00000000f2c00000|100%| O|  |TAMS 0x00000000f2c00000| PB 0x00000000f2b00000| Untracked 
| 300|0x00000000f2c00000, 0x00000000f2cffff8, 0x00000000f2d00000| 99%| O|  |TAMS 0x00000000f2cffff8| PB 0x00000000f2c00000| Untracked 
| 301|0x00000000f2d00000, 0x00000000f2d00000, 0x00000000f2e00000|  0%| F|  |TAMS 0x00000000f2d00000| PB 0x00000000f2d00000| Untracked 
| 302|0x00000000f2e00000, 0x00000000f2efffe8, 0x00000000f2f00000| 99%| O|  |TAMS 0x00000000f2efffe8| PB 0x00000000f2e00000| Untracked 
| 303|0x00000000f2f00000, 0x00000000f2ffffd0, 0x00000000f3000000| 99%| O|  |TAMS 0x00000000f2ffffd0| PB 0x00000000f2f00000| Untracked 
| 304|0x00000000f3000000, 0x00000000f3000000, 0x00000000f3100000|  0%| F|  |TAMS 0x00000000f3000000| PB 0x00000000f3000000| Untracked 
| 305|0x00000000f3100000, 0x00000000f31ffff8, 0x00000000f3200000| 99%| O|  |TAMS 0x00000000f31ffff8| PB 0x00000000f3100000| Untracked 
| 306|0x00000000f3200000, 0x00000000f32fea30, 0x00000000f3300000| 99%| O|  |TAMS 0x00000000f32fea30| PB 0x00000000f3200000| Untracked 
| 307|0x00000000f3300000, 0x00000000f33ffff0, 0x00000000f3400000| 99%| O|  |TAMS 0x00000000f33ffff0| PB 0x00000000f3300000| Untracked 
| 308|0x00000000f3400000, 0x00000000f34f7868, 0x00000000f3500000| 96%| O|  |TAMS 0x00000000f34f7868| PB 0x00000000f3400000| Untracked 
| 309|0x00000000f3500000, 0x00000000f3600000, 0x00000000f3600000|100%| O|  |TAMS 0x00000000f3600000| PB 0x00000000f3500000| Untracked 
| 310|0x00000000f3600000, 0x00000000f3700000, 0x00000000f3700000|100%| O|  |TAMS 0x00000000f3700000| PB 0x00000000f3600000| Untracked 
| 311|0x00000000f3700000, 0x00000000f3800000, 0x00000000f3800000|100%| O|  |TAMS 0x00000000f3800000| PB 0x00000000f3700000| Untracked 
| 312|0x00000000f3800000, 0x00000000f3900000, 0x00000000f3900000|100%| O|  |TAMS 0x00000000f3900000| PB 0x00000000f3800000| Untracked 
| 313|0x00000000f3900000, 0x00000000f39fffe8, 0x00000000f3a00000| 99%| O|  |TAMS 0x00000000f39fffe8| PB 0x00000000f3900000| Untracked 
| 314|0x00000000f3a00000, 0x00000000f3affff0, 0x00000000f3b00000| 99%| O|  |TAMS 0x00000000f3affff0| PB 0x00000000f3a00000| Untracked 
| 315|0x00000000f3b00000, 0x00000000f3bfffc8, 0x00000000f3c00000| 99%| O|  |TAMS 0x00000000f3bfffc8| PB 0x00000000f3b00000| Untracked 
| 316|0x00000000f3c00000, 0x00000000f3c00000, 0x00000000f3d00000|  0%| F|  |TAMS 0x00000000f3c00000| PB 0x00000000f3c00000| Untracked 
| 317|0x00000000f3d00000, 0x00000000f3dffff8, 0x00000000f3e00000| 99%| O|  |TAMS 0x00000000f3dffff8| PB 0x00000000f3d00000| Untracked 
| 318|0x00000000f3e00000, 0x00000000f3effff8, 0x00000000f3f00000| 99%| O|  |TAMS 0x00000000f3effff8| PB 0x00000000f3e00000| Untracked 
| 319|0x00000000f3f00000, 0x00000000f3fffff8, 0x00000000f4000000| 99%| O|  |TAMS 0x00000000f3fffff8| PB 0x00000000f3f00000| Untracked 
| 320|0x00000000f4000000, 0x00000000f40ffff0, 0x00000000f4100000| 99%| O|  |TAMS 0x00000000f40ffff0| PB 0x00000000f4000000| Untracked 
| 321|0x00000000f4100000, 0x00000000f4100000, 0x00000000f4200000|  0%| F|  |TAMS 0x00000000f4100000| PB 0x00000000f4100000| Untracked 
| 322|0x00000000f4200000, 0x00000000f42ffff8, 0x00000000f4300000| 99%| O|  |TAMS 0x00000000f42ffff8| PB 0x00000000f4200000| Untracked 
| 323|0x00000000f4300000, 0x00000000f43ffff8, 0x00000000f4400000| 99%| O|  |TAMS 0x00000000f43ffff8| PB 0x00000000f4300000| Untracked 
| 324|0x00000000f4400000, 0x00000000f44ffff8, 0x00000000f4500000| 99%| O|  |TAMS 0x00000000f44ffff8| PB 0x00000000f4400000| Untracked 
| 325|0x00000000f4500000, 0x00000000f4600000, 0x00000000f4600000|100%| O|  |TAMS 0x00000000f4600000| PB 0x00000000f4500000| Untracked 
| 326|0x00000000f4600000, 0x00000000f46ffff8, 0x00000000f4700000| 99%| O|  |TAMS 0x00000000f46ffff8| PB 0x00000000f4600000| Untracked 
| 327|0x00000000f4700000, 0x00000000f47ffff8, 0x00000000f4800000| 99%| O|  |TAMS 0x00000000f47ffff8| PB 0x00000000f4700000| Untracked 
| 328|0x00000000f4800000, 0x00000000f48ffff8, 0x00000000f4900000| 99%| O|  |TAMS 0x00000000f48ffff8| PB 0x00000000f4800000| Untracked 
| 329|0x00000000f4900000, 0x00000000f4a00000, 0x00000000f4a00000|100%| O|  |TAMS 0x00000000f4a00000| PB 0x00000000f4900000| Untracked 
| 330|0x00000000f4a00000, 0x00000000f4a00000, 0x00000000f4b00000|  0%| F|  |TAMS 0x00000000f4a00000| PB 0x00000000f4a00000| Untracked 
| 331|0x00000000f4b00000, 0x00000000f4b00000, 0x00000000f4c00000|  0%| F|  |TAMS 0x00000000f4b00000| PB 0x00000000f4b00000| Untracked 
| 332|0x00000000f4c00000, 0x00000000f4cfffe8, 0x00000000f4d00000| 99%| O|  |TAMS 0x00000000f4cfffe8| PB 0x00000000f4c00000| Untracked 
| 333|0x00000000f4d00000, 0x00000000f4d00000, 0x00000000f4e00000|  0%| F|  |TAMS 0x00000000f4d00000| PB 0x00000000f4d00000| Untracked 
| 334|0x00000000f4e00000, 0x00000000f4f00000, 0x00000000f4f00000|100%| O|  |TAMS 0x00000000f4f00000| PB 0x00000000f4e00000| Untracked 
| 335|0x00000000f4f00000, 0x00000000f4ffffe8, 0x00000000f5000000| 99%| O|  |TAMS 0x00000000f4ffffe8| PB 0x00000000f4f00000| Untracked 
| 336|0x00000000f5000000, 0x00000000f50ffff0, 0x00000000f5100000| 99%| O|  |TAMS 0x00000000f50ffff0| PB 0x00000000f5000000| Untracked 
| 337|0x00000000f5100000, 0x00000000f51fffe8, 0x00000000f5200000| 99%| O|  |TAMS 0x00000000f51fffe8| PB 0x00000000f5100000| Untracked 
| 338|0x00000000f5200000, 0x00000000f52ffbf8, 0x00000000f5300000| 99%| O|  |TAMS 0x00000000f52ffbf8| PB 0x00000000f5200000| Untracked 
| 339|0x00000000f5300000, 0x00000000f53ffff8, 0x00000000f5400000| 99%| O|  |TAMS 0x00000000f53ffff8| PB 0x00000000f5300000| Untracked 
| 340|0x00000000f5400000, 0x00000000f5500000, 0x00000000f5500000|100%| O|  |TAMS 0x00000000f5500000| PB 0x00000000f5400000| Untracked 
| 341|0x00000000f5500000, 0x00000000f5600000, 0x00000000f5600000|100%| O|  |TAMS 0x00000000f5600000| PB 0x00000000f5500000| Untracked 
| 342|0x00000000f5600000, 0x00000000f56ffff8, 0x00000000f5700000| 99%| O|  |TAMS 0x00000000f56ffff8| PB 0x00000000f5600000| Untracked 
| 343|0x00000000f5700000, 0x00000000f5800000, 0x00000000f5800000|100%| O|  |TAMS 0x00000000f5800000| PB 0x00000000f5700000| Untracked 
| 344|0x00000000f5800000, 0x00000000f58ffff0, 0x00000000f5900000| 99%| O|  |TAMS 0x00000000f58ffff0| PB 0x00000000f5800000| Untracked 
| 345|0x00000000f5900000, 0x00000000f5a00000, 0x00000000f5a00000|100%| O|  |TAMS 0x00000000f5a00000| PB 0x00000000f5900000| Untracked 
| 346|0x00000000f5a00000, 0x00000000f5a00000, 0x00000000f5b00000|  0%| F|  |TAMS 0x00000000f5a00000| PB 0x00000000f5a00000| Untracked 
| 347|0x00000000f5b00000, 0x00000000f5bff6a0, 0x00000000f5c00000| 99%| O|  |TAMS 0x00000000f5bff6a0| PB 0x00000000f5b00000| Untracked 
| 348|0x00000000f5c00000, 0x00000000f5cffff8, 0x00000000f5d00000| 99%| O|  |TAMS 0x00000000f5cffff8| PB 0x00000000f5c00000| Untracked 
| 349|0x00000000f5d00000, 0x00000000f5dffff8, 0x00000000f5e00000| 99%| O|  |TAMS 0x00000000f5dffff8| PB 0x00000000f5d00000| Untracked 
| 350|0x00000000f5e00000, 0x00000000f5e00000, 0x00000000f5f00000|  0%| F|  |TAMS 0x00000000f5e00000| PB 0x00000000f5e00000| Untracked 
| 351|0x00000000f5f00000, 0x00000000f6000000, 0x00000000f6000000|100%| O|  |TAMS 0x00000000f6000000| PB 0x00000000f5f00000| Untracked 
| 352|0x00000000f6000000, 0x00000000f6100000, 0x00000000f6100000|100%| O|  |TAMS 0x00000000f6100000| PB 0x00000000f6000000| Untracked 
| 353|0x00000000f6100000, 0x00000000f61ffff8, 0x00000000f6200000| 99%| O|  |TAMS 0x00000000f61ffff8| PB 0x00000000f6100000| Untracked 
| 354|0x00000000f6200000, 0x00000000f6300000, 0x00000000f6300000|100%| O|  |TAMS 0x00000000f6300000| PB 0x00000000f6200000| Untracked 
| 355|0x00000000f6300000, 0x00000000f63fe6d8, 0x00000000f6400000| 99%| O|  |TAMS 0x00000000f63fe6d8| PB 0x00000000f6300000| Untracked 
| 356|0x00000000f6400000, 0x00000000f6500000, 0x00000000f6500000|100%| O|  |TAMS 0x00000000f6500000| PB 0x00000000f6400000| Untracked 
| 357|0x00000000f6500000, 0x00000000f6600000, 0x00000000f6600000|100%| O|  |TAMS 0x00000000f6600000| PB 0x00000000f6500000| Untracked 
| 358|0x00000000f6600000, 0x00000000f6700000, 0x00000000f6700000|100%| O|  |TAMS 0x00000000f6700000| PB 0x00000000f6600000| Untracked 
| 359|0x00000000f6700000, 0x00000000f6800000, 0x00000000f6800000|100%| O|  |TAMS 0x00000000f6800000| PB 0x00000000f6700000| Untracked 
| 360|0x00000000f6800000, 0x00000000f68ffff0, 0x00000000f6900000| 99%| O|  |TAMS 0x00000000f68ffff0| PB 0x00000000f6800000| Untracked 
| 361|0x00000000f6900000, 0x00000000f6a00000, 0x00000000f6a00000|100%| O|  |TAMS 0x00000000f6a00000| PB 0x00000000f6900000| Untracked 
| 362|0x00000000f6a00000, 0x00000000f6b00000, 0x00000000f6b00000|100%| O|  |TAMS 0x00000000f6b00000| PB 0x00000000f6a00000| Untracked 
| 363|0x00000000f6b00000, 0x00000000f6c00000, 0x00000000f6c00000|100%| O|  |TAMS 0x00000000f6c00000| PB 0x00000000f6b00000| Untracked 
| 364|0x00000000f6c00000, 0x00000000f6d00000, 0x00000000f6d00000|100%| O|  |TAMS 0x00000000f6d00000| PB 0x00000000f6c00000| Untracked 
| 365|0x00000000f6d00000, 0x00000000f6e00000, 0x00000000f6e00000|100%| O|  |TAMS 0x00000000f6e00000| PB 0x00000000f6d00000| Untracked 
| 366|0x00000000f6e00000, 0x00000000f6effff8, 0x00000000f6f00000| 99%| O|  |TAMS 0x00000000f6effff8| PB 0x00000000f6e00000| Untracked 
| 367|0x00000000f6f00000, 0x00000000f7000000, 0x00000000f7000000|100%| O|  |TAMS 0x00000000f7000000| PB 0x00000000f6f00000| Untracked 
| 368|0x00000000f7000000, 0x00000000f7100000, 0x00000000f7100000|100%| O|  |TAMS 0x00000000f7100000| PB 0x00000000f7000000| Untracked 
| 369|0x00000000f7100000, 0x00000000f71ffff0, 0x00000000f7200000| 99%| O|  |TAMS 0x00000000f71ffff0| PB 0x00000000f7100000| Untracked 
| 370|0x00000000f7200000, 0x00000000f7300000, 0x00000000f7300000|100%| O|  |TAMS 0x00000000f722c7d0| PB 0x00000000f7200000| Untracked 
| 371|0x00000000f7300000, 0x00000000f7300000, 0x00000000f7400000|  0%| F|  |TAMS 0x00000000f7300000| PB 0x00000000f7300000| Untracked 
| 372|0x00000000f7400000, 0x00000000f7400000, 0x00000000f7500000|  0%| F|  |TAMS 0x00000000f7400000| PB 0x00000000f7400000| Untracked 
| 373|0x00000000f7500000, 0x00000000f75ffff8, 0x00000000f7600000| 99%| O|  |TAMS 0x00000000f75ffff8| PB 0x00000000f7500000| Untracked 
| 374|0x00000000f7600000, 0x00000000f7600000, 0x00000000f7700000|  0%| F|  |TAMS 0x00000000f7600000| PB 0x00000000f7600000| Untracked 
| 375|0x00000000f7700000, 0x00000000f77fffe8, 0x00000000f7800000| 99%| O|  |TAMS 0x00000000f77fffe8| PB 0x00000000f7700000| Untracked 
| 376|0x00000000f7800000, 0x00000000f7800000, 0x00000000f7900000|  0%| F|  |TAMS 0x00000000f7800000| PB 0x00000000f7800000| Untracked 
| 377|0x00000000f7900000, 0x00000000f7900000, 0x00000000f7a00000|  0%| F|  |TAMS 0x00000000f7900000| PB 0x00000000f7900000| Untracked 
| 378|0x00000000f7a00000, 0x00000000f7a00000, 0x00000000f7b00000|  0%| F|  |TAMS 0x00000000f7a00000| PB 0x00000000f7a00000| Untracked 
| 379|0x00000000f7b00000, 0x00000000f7b00000, 0x00000000f7c00000|  0%| F|  |TAMS 0x00000000f7b00000| PB 0x00000000f7b00000| Untracked 
| 380|0x00000000f7c00000, 0x00000000f7c00000, 0x00000000f7d00000|  0%| F|  |TAMS 0x00000000f7c00000| PB 0x00000000f7c00000| Untracked 
| 381|0x00000000f7d00000, 0x00000000f7dc79e0, 0x00000000f7e00000| 77%| E|CS|TAMS 0x00000000f7d00000| PB 0x00000000f7d00000| Complete 
| 382|0x00000000f7e00000, 0x00000000f7f00000, 0x00000000f7f00000|100%| O|  |TAMS 0x00000000f7f00000| PB 0x00000000f7e00000| Untracked 
| 383|0x00000000f7f00000, 0x00000000f7fffff8, 0x00000000f8000000| 99%| O|  |TAMS 0x00000000f7fffff8| PB 0x00000000f7f00000| Untracked 
| 384|0x00000000f8000000, 0x00000000f8100000, 0x00000000f8100000|100%| E|CS|TAMS 0x00000000f8000000| PB 0x00000000f8000000| Complete 
| 385|0x00000000f8100000, 0x00000000f8200000, 0x00000000f8200000|100%| O|  |TAMS 0x00000000f8200000| PB 0x00000000f8100000| Untracked 
| 386|0x00000000f8200000, 0x00000000f8300000, 0x00000000f8300000|100%| O|  |TAMS 0x00000000f8300000| PB 0x00000000f8200000| Untracked 
| 387|0x00000000f8300000, 0x00000000f8300000, 0x00000000f8400000|  0%| F|  |TAMS 0x00000000f8300000| PB 0x00000000f8300000| Untracked 
| 388|0x00000000f8400000, 0x00000000f8400000, 0x00000000f8500000|  0%| F|  |TAMS 0x00000000f8400000| PB 0x00000000f8400000| Untracked 
| 389|0x00000000f8500000, 0x00000000f8600000, 0x00000000f8600000|100%| O|  |TAMS 0x00000000f8600000| PB 0x00000000f8500000| Untracked 
| 390|0x00000000f8600000, 0x00000000f8600000, 0x00000000f8700000|  0%| F|  |TAMS 0x00000000f8600000| PB 0x00000000f8600000| Untracked 
| 391|0x00000000f8700000, 0x00000000f8700000, 0x00000000f8800000|  0%| F|  |TAMS 0x00000000f8700000| PB 0x00000000f8700000| Untracked 
| 392|0x00000000f8800000, 0x00000000f8900000, 0x00000000f8900000|100%| O|  |TAMS 0x00000000f8900000| PB 0x00000000f8800000| Untracked 
| 393|0x00000000f8900000, 0x00000000f8900000, 0x00000000f8a00000|  0%| F|  |TAMS 0x00000000f8900000| PB 0x00000000f8900000| Untracked 
| 394|0x00000000f8a00000, 0x00000000f8b00000, 0x00000000f8b00000|100%| O|  |TAMS 0x00000000f8b00000| PB 0x00000000f8a00000| Untracked 
| 395|0x00000000f8b00000, 0x00000000f8c00000, 0x00000000f8c00000|100%| O|  |TAMS 0x00000000f8c00000| PB 0x00000000f8b00000| Untracked 
| 396|0x00000000f8c00000, 0x00000000f8d00000, 0x00000000f8d00000|100%| O|  |TAMS 0x00000000f8d00000| PB 0x00000000f8c00000| Untracked 
| 397|0x00000000f8d00000, 0x00000000f8d00000, 0x00000000f8e00000|  0%| F|  |TAMS 0x00000000f8d00000| PB 0x00000000f8d00000| Untracked 
| 398|0x00000000f8e00000, 0x00000000f8e4afd0, 0x00000000f8f00000| 29%| S|  |TAMS 0x00000000f8e00000| PB 0x00000000f8e00000| Complete 
| 399|0x00000000f8f00000, 0x00000000f9000000, 0x00000000f9000000|100%| S|  |TAMS 0x00000000f8f00000| PB 0x00000000f8f00000| Complete 
| 400|0x00000000f9000000, 0x00000000f9100000, 0x00000000f9100000|100%| S|  |TAMS 0x00000000f9000000| PB 0x00000000f9000000| Complete 
| 401|0x00000000f9100000, 0x00000000f9200000, 0x00000000f9200000|100%| O|  |TAMS 0x00000000f9200000| PB 0x00000000f9100000| Untracked 
| 402|0x00000000f9200000, 0x00000000f9300000, 0x00000000f9300000|100%| O|  |TAMS 0x00000000f9300000| PB 0x00000000f9200000| Untracked 
| 403|0x00000000f9300000, 0x00000000f9400000, 0x00000000f9400000|100%| O|  |TAMS 0x00000000f9400000| PB 0x00000000f9300000| Untracked 
| 404|0x00000000f9400000, 0x00000000f9500000, 0x00000000f9500000|100%| E|CS|TAMS 0x00000000f9400000| PB 0x00000000f9400000| Complete 
| 405|0x00000000f9500000, 0x00000000f9600000, 0x00000000f9600000|100%| O|  |TAMS 0x00000000f9600000| PB 0x00000000f9500000| Untracked 
| 406|0x00000000f9600000, 0x00000000f9700000, 0x00000000f9700000|100%| O|  |TAMS 0x00000000f9700000| PB 0x00000000f9600000| Untracked 
| 407|0x00000000f9700000, 0x00000000f9800000, 0x00000000f9800000|100%| E|CS|TAMS 0x00000000f9700000| PB 0x00000000f9700000| Complete 
| 408|0x00000000f9800000, 0x00000000f9900000, 0x00000000f9900000|100%| E|CS|TAMS 0x00000000f9800000| PB 0x00000000f9800000| Complete 
| 409|0x00000000f9900000, 0x00000000f9a00000, 0x00000000f9a00000|100%| O|  |TAMS 0x00000000f9a00000| PB 0x00000000f9900000| Untracked 
| 410|0x00000000f9a00000, 0x00000000f9b00000, 0x00000000f9b00000|100%| O|  |TAMS 0x00000000f9b00000| PB 0x00000000f9a00000| Untracked 
| 411|0x00000000f9b00000, 0x00000000f9c00000, 0x00000000f9c00000|100%| E|CS|TAMS 0x00000000f9b00000| PB 0x00000000f9b00000| Complete 
| 412|0x00000000f9c00000, 0x00000000f9d00000, 0x00000000f9d00000|100%| E|CS|TAMS 0x00000000f9c00000| PB 0x00000000f9c00000| Complete 
| 413|0x00000000f9d00000, 0x00000000f9e00000, 0x00000000f9e00000|100%| O|  |TAMS 0x00000000f9e00000| PB 0x00000000f9d00000| Untracked 
| 414|0x00000000f9e00000, 0x00000000f9f00000, 0x00000000f9f00000|100%| O|  |TAMS 0x00000000f9f00000| PB 0x00000000f9e00000| Untracked 
| 415|0x00000000f9f00000, 0x00000000fa000000, 0x00000000fa000000|100%| E|CS|TAMS 0x00000000f9f00000| PB 0x00000000f9f00000| Complete 
| 416|0x00000000fa000000, 0x00000000fa100000, 0x00000000fa100000|100%| E|CS|TAMS 0x00000000fa000000| PB 0x00000000fa000000| Complete 
| 417|0x00000000fa100000, 0x00000000fa200000, 0x00000000fa200000|100%| E|CS|TAMS 0x00000000fa100000| PB 0x00000000fa100000| Complete 
| 418|0x00000000fa200000, 0x00000000fa300000, 0x00000000fa300000|100%| E|CS|TAMS 0x00000000fa200000| PB 0x00000000fa200000| Complete 
| 419|0x00000000fa300000, 0x00000000fa400000, 0x00000000fa400000|100%| E|CS|TAMS 0x00000000fa300000| PB 0x00000000fa300000| Complete 
| 420|0x00000000fa400000, 0x00000000fa500000, 0x00000000fa500000|100%| E|CS|TAMS 0x00000000fa400000| PB 0x00000000fa400000| Complete 
| 421|0x00000000fa500000, 0x00000000fa600000, 0x00000000fa600000|100%| E|CS|TAMS 0x00000000fa500000| PB 0x00000000fa500000| Complete 
| 422|0x00000000fa600000, 0x00000000fa700000, 0x00000000fa700000|100%| E|CS|TAMS 0x00000000fa600000| PB 0x00000000fa600000| Complete 
| 423|0x00000000fa700000, 0x00000000fa800000, 0x00000000fa800000|100%| E|CS|TAMS 0x00000000fa700000| PB 0x00000000fa700000| Complete 
| 424|0x00000000fa800000, 0x00000000fa900000, 0x00000000fa900000|100%| E|CS|TAMS 0x00000000fa800000| PB 0x00000000fa800000| Complete 
| 425|0x00000000fa900000, 0x00000000faa00000, 0x00000000faa00000|100%| E|CS|TAMS 0x00000000fa900000| PB 0x00000000fa900000| Complete 
| 426|0x00000000faa00000, 0x00000000fab00000, 0x00000000fab00000|100%| E|CS|TAMS 0x00000000faa00000| PB 0x00000000faa00000| Complete 
| 427|0x00000000fab00000, 0x00000000fac00000, 0x00000000fac00000|100%| E|CS|TAMS 0x00000000fab00000| PB 0x00000000fab00000| Complete 
| 428|0x00000000fac00000, 0x00000000fad00000, 0x00000000fad00000|100%| O|  |TAMS 0x00000000fad00000| PB 0x00000000fac00000| Untracked 
| 429|0x00000000fad00000, 0x00000000fae00000, 0x00000000fae00000|100%| O|  |TAMS 0x00000000fae00000| PB 0x00000000fad00000| Untracked 
| 430|0x00000000fae00000, 0x00000000faf00000, 0x00000000faf00000|100%| O|  |TAMS 0x00000000faf00000| PB 0x00000000fae00000| Untracked 
| 431|0x00000000faf00000, 0x00000000fb000000, 0x00000000fb000000|100%| O|  |TAMS 0x00000000fb000000| PB 0x00000000faf00000| Untracked 
| 432|0x00000000fb000000, 0x00000000fb100000, 0x00000000fb100000|100%| O|  |TAMS 0x00000000fb100000| PB 0x00000000fb000000| Untracked 
| 433|0x00000000fb100000, 0x00000000fb200000, 0x00000000fb200000|100%| O|  |TAMS 0x00000000fb200000| PB 0x00000000fb100000| Untracked 
| 434|0x00000000fb200000, 0x00000000fb300000, 0x00000000fb300000|100%| O|  |TAMS 0x00000000fb300000| PB 0x00000000fb200000| Untracked 
| 435|0x00000000fb300000, 0x00000000fb400000, 0x00000000fb400000|100%| O|  |TAMS 0x00000000fb400000| PB 0x00000000fb300000| Untracked 
| 436|0x00000000fb400000, 0x00000000fb500000, 0x00000000fb500000|100%| O|  |TAMS 0x00000000fb500000| PB 0x00000000fb400000| Untracked 
| 437|0x00000000fb500000, 0x00000000fb600000, 0x00000000fb600000|100%| O|  |TAMS 0x00000000fb600000| PB 0x00000000fb500000| Untracked 
| 438|0x00000000fb600000, 0x00000000fb700000, 0x00000000fb700000|100%| O|  |TAMS 0x00000000fb700000| PB 0x00000000fb600000| Untracked 
| 439|0x00000000fb700000, 0x00000000fb800000, 0x00000000fb800000|100%| O|  |TAMS 0x00000000fb800000| PB 0x00000000fb700000| Untracked 
| 440|0x00000000fb800000, 0x00000000fb900000, 0x00000000fb900000|100%| E|CS|TAMS 0x00000000fb800000| PB 0x00000000fb800000| Complete 
| 441|0x00000000fb900000, 0x00000000fba00000, 0x00000000fba00000|100%| O|  |TAMS 0x00000000fba00000| PB 0x00000000fb900000| Untracked 
| 442|0x00000000fba00000, 0x00000000fbb00000, 0x00000000fbb00000|100%| O|  |TAMS 0x00000000fbb00000| PB 0x00000000fba00000| Untracked 
| 443|0x00000000fbb00000, 0x00000000fbc00000, 0x00000000fbc00000|100%| O|  |TAMS 0x00000000fbc00000| PB 0x00000000fbb00000| Untracked 
| 444|0x00000000fbc00000, 0x00000000fbd00000, 0x00000000fbd00000|100%| E|CS|TAMS 0x00000000fbc00000| PB 0x00000000fbc00000| Complete 
| 445|0x00000000fbd00000, 0x00000000fbe00000, 0x00000000fbe00000|100%| O|  |TAMS 0x00000000fbe00000| PB 0x00000000fbd00000| Untracked 
| 446|0x00000000fbe00000, 0x00000000fbf00000, 0x00000000fbf00000|100%| O|  |TAMS 0x00000000fbf00000| PB 0x00000000fbe00000| Untracked 
| 447|0x00000000fbf00000, 0x00000000fc000000, 0x00000000fc000000|100%| O|  |TAMS 0x00000000fc000000| PB 0x00000000fbf00000| Untracked 
| 448|0x00000000fc000000, 0x00000000fc100000, 0x00000000fc100000|100%| O|  |TAMS 0x00000000fc100000| PB 0x00000000fc000000| Untracked 
| 449|0x00000000fc100000, 0x00000000fc200000, 0x00000000fc200000|100%| E|CS|TAMS 0x00000000fc100000| PB 0x00000000fc100000| Complete 
| 450|0x00000000fc200000, 0x00000000fc300000, 0x00000000fc300000|100%| E|CS|TAMS 0x00000000fc200000| PB 0x00000000fc200000| Complete 
| 451|0x00000000fc300000, 0x00000000fc400000, 0x00000000fc400000|100%| O|  |TAMS 0x00000000fc400000| PB 0x00000000fc300000| Untracked 
| 452|0x00000000fc400000, 0x00000000fc500000, 0x00000000fc500000|100%| O|  |TAMS 0x00000000fc500000| PB 0x00000000fc400000| Untracked 
| 453|0x00000000fc500000, 0x00000000fc600000, 0x00000000fc600000|100%| O|  |TAMS 0x00000000fc600000| PB 0x00000000fc500000| Untracked 
| 454|0x00000000fc600000, 0x00000000fc700000, 0x00000000fc700000|100%| E|CS|TAMS 0x00000000fc600000| PB 0x00000000fc600000| Complete 
| 455|0x00000000fc700000, 0x00000000fc800000, 0x00000000fc800000|100%| O|  |TAMS 0x00000000fc800000| PB 0x00000000fc700000| Untracked 
| 456|0x00000000fc800000, 0x00000000fc900000, 0x00000000fc900000|100%| E|CS|TAMS 0x00000000fc800000| PB 0x00000000fc800000| Complete 
| 457|0x00000000fc900000, 0x00000000fca00000, 0x00000000fca00000|100%| E|CS|TAMS 0x00000000fc900000| PB 0x00000000fc900000| Complete 
| 458|0x00000000fca00000, 0x00000000fcb00000, 0x00000000fcb00000|100%| E|CS|TAMS 0x00000000fca00000| PB 0x00000000fca00000| Complete 
| 459|0x00000000fcb00000, 0x00000000fcc00000, 0x00000000fcc00000|100%| E|CS|TAMS 0x00000000fcb00000| PB 0x00000000fcb00000| Complete 
| 460|0x00000000fcc00000, 0x00000000fcd00000, 0x00000000fcd00000|100%| E|CS|TAMS 0x00000000fcc00000| PB 0x00000000fcc00000| Complete 
| 461|0x00000000fcd00000, 0x00000000fce00000, 0x00000000fce00000|100%| O|  |TAMS 0x00000000fce00000| PB 0x00000000fcd00000| Untracked 
| 462|0x00000000fce00000, 0x00000000fcf00000, 0x00000000fcf00000|100%| E|CS|TAMS 0x00000000fce00000| PB 0x00000000fce00000| Complete 
| 463|0x00000000fcf00000, 0x00000000fd000000, 0x00000000fd000000|100%| E|CS|TAMS 0x00000000fcf00000| PB 0x00000000fcf00000| Complete 
| 464|0x00000000fd000000, 0x00000000fd100000, 0x00000000fd100000|100%| E|CS|TAMS 0x00000000fd000000| PB 0x00000000fd000000| Complete 
| 465|0x00000000fd100000, 0x00000000fd200000, 0x00000000fd200000|100%| E|CS|TAMS 0x00000000fd100000| PB 0x00000000fd100000| Complete 
| 466|0x00000000fd200000, 0x00000000fd300000, 0x00000000fd300000|100%| E|CS|TAMS 0x00000000fd200000| PB 0x00000000fd200000| Complete 
| 467|0x00000000fd300000, 0x00000000fd400000, 0x00000000fd400000|100%| E|CS|TAMS 0x00000000fd300000| PB 0x00000000fd300000| Complete 
| 468|0x00000000fd400000, 0x00000000fd500000, 0x00000000fd500000|100%| O|  |TAMS 0x00000000fd500000| PB 0x00000000fd400000| Untracked 
| 469|0x00000000fd500000, 0x00000000fd600000, 0x00000000fd600000|100%| O|  |TAMS 0x00000000fd600000| PB 0x00000000fd500000| Untracked 
| 470|0x00000000fd600000, 0x00000000fd700000, 0x00000000fd700000|100%| E|CS|TAMS 0x00000000fd600000| PB 0x00000000fd600000| Complete 
| 471|0x00000000fd700000, 0x00000000fd800000, 0x00000000fd800000|100%| O|  |TAMS 0x00000000fd800000| PB 0x00000000fd700000| Untracked 
| 472|0x00000000fd800000, 0x00000000fd900000, 0x00000000fd900000|100%| E|CS|TAMS 0x00000000fd800000| PB 0x00000000fd800000| Complete 
| 473|0x00000000fd900000, 0x00000000fda00000, 0x00000000fda00000|100%| E|CS|TAMS 0x00000000fd900000| PB 0x00000000fd900000| Complete 
| 474|0x00000000fda00000, 0x00000000fdb00000, 0x00000000fdb00000|100%| O|  |TAMS 0x00000000fdb00000| PB 0x00000000fda00000| Untracked 
| 475|0x00000000fdb00000, 0x00000000fdc00000, 0x00000000fdc00000|100%| E|CS|TAMS 0x00000000fdb00000| PB 0x00000000fdb00000| Complete 
| 476|0x00000000fdc00000, 0x00000000fdd00000, 0x00000000fdd00000|100%| E|CS|TAMS 0x00000000fdc00000| PB 0x00000000fdc00000| Complete 
| 477|0x00000000fdd00000, 0x00000000fde00000, 0x00000000fde00000|100%| E|CS|TAMS 0x00000000fdd00000| PB 0x00000000fdd00000| Complete 
| 478|0x00000000fde00000, 0x00000000fdf00000, 0x00000000fdf00000|100%| E|CS|TAMS 0x00000000fde00000| PB 0x00000000fde00000| Complete 
| 479|0x00000000fdf00000, 0x00000000fe000000, 0x00000000fe000000|100%| E|CS|TAMS 0x00000000fdf00000| PB 0x00000000fdf00000| Complete 
| 480|0x00000000fe000000, 0x00000000fe100000, 0x00000000fe100000|100%| E|CS|TAMS 0x00000000fe000000| PB 0x00000000fe000000| Complete 
| 481|0x00000000fe100000, 0x00000000fe200000, 0x00000000fe200000|100%| E|CS|TAMS 0x00000000fe100000| PB 0x00000000fe100000| Complete 
| 482|0x00000000fe200000, 0x00000000fe300000, 0x00000000fe300000|100%| E|CS|TAMS 0x00000000fe200000| PB 0x00000000fe200000| Complete 
| 483|0x00000000fe300000, 0x00000000fe400000, 0x00000000fe400000|100%| E|CS|TAMS 0x00000000fe300000| PB 0x00000000fe300000| Complete 
| 484|0x00000000fe400000, 0x00000000fe500000, 0x00000000fe500000|100%| E|CS|TAMS 0x00000000fe400000| PB 0x00000000fe400000| Complete 
| 485|0x00000000fe500000, 0x00000000fe600000, 0x00000000fe600000|100%| E|CS|TAMS 0x00000000fe500000| PB 0x00000000fe500000| Complete 
| 486|0x00000000fe600000, 0x00000000fe700000, 0x00000000fe700000|100%| E|CS|TAMS 0x00000000fe600000| PB 0x00000000fe600000| Complete 
| 487|0x00000000fe700000, 0x00000000fe800000, 0x00000000fe800000|100%| E|CS|TAMS 0x00000000fe700000| PB 0x00000000fe700000| Complete 
| 488|0x00000000fe800000, 0x00000000fe900000, 0x00000000fe900000|100%| E|CS|TAMS 0x00000000fe800000| PB 0x00000000fe800000| Complete 
| 489|0x00000000fe900000, 0x00000000fea00000, 0x00000000fea00000|100%| E|CS|TAMS 0x00000000fe900000| PB 0x00000000fe900000| Complete 
| 490|0x00000000fea00000, 0x00000000feb00000, 0x00000000feb00000|100%| E|CS|TAMS 0x00000000fea00000| PB 0x00000000fea00000| Complete 
| 491|0x00000000feb00000, 0x00000000fec00000, 0x00000000fec00000|100%| E|CS|TAMS 0x00000000feb00000| PB 0x00000000feb00000| Complete 
| 492|0x00000000fec00000, 0x00000000fed00000, 0x00000000fed00000|100%| E|CS|TAMS 0x00000000fec00000| PB 0x00000000fec00000| Complete 
| 493|0x00000000fed00000, 0x00000000fee00000, 0x00000000fee00000|100%| E|CS|TAMS 0x00000000fed00000| PB 0x00000000fed00000| Complete 
| 494|0x00000000fee00000, 0x00000000fef00000, 0x00000000fef00000|100%| E|CS|TAMS 0x00000000fee00000| PB 0x00000000fee00000| Complete 
| 495|0x00000000fef00000, 0x00000000ff000000, 0x00000000ff000000|100%| E|CS|TAMS 0x00000000fef00000| PB 0x00000000fef00000| Complete 
| 496|0x00000000ff000000, 0x00000000ff100000, 0x00000000ff100000|100%| E|CS|TAMS 0x00000000ff000000| PB 0x00000000ff000000| Complete 
| 497|0x00000000ff100000, 0x00000000ff200000, 0x00000000ff200000|100%| E|CS|TAMS 0x00000000ff100000| PB 0x00000000ff100000| Complete 
| 498|0x00000000ff200000, 0x00000000ff300000, 0x00000000ff300000|100%| E|CS|TAMS 0x00000000ff200000| PB 0x00000000ff200000| Complete 
| 499|0x00000000ff300000, 0x00000000ff400000, 0x00000000ff400000|100%| E|CS|TAMS 0x00000000ff300000| PB 0x00000000ff300000| Complete 
| 500|0x00000000ff400000, 0x00000000ff500000, 0x00000000ff500000|100%| E|CS|TAMS 0x00000000ff400000| PB 0x00000000ff400000| Complete 
| 501|0x00000000ff500000, 0x00000000ff600000, 0x00000000ff600000|100%| E|CS|TAMS 0x00000000ff500000| PB 0x00000000ff500000| Complete 
| 502|0x00000000ff600000, 0x00000000ff700000, 0x00000000ff700000|100%| E|CS|TAMS 0x00000000ff600000| PB 0x00000000ff600000| Complete 
| 503|0x00000000ff700000, 0x00000000ff800000, 0x00000000ff800000|100%| E|CS|TAMS 0x00000000ff700000| PB 0x00000000ff700000| Complete 
| 504|0x00000000ff800000, 0x00000000ff900000, 0x00000000ff900000|100%| E|CS|TAMS 0x00000000ff800000| PB 0x00000000ff800000| Complete 
| 505|0x00000000ff900000, 0x00000000ffa00000, 0x00000000ffa00000|100%| E|CS|TAMS 0x00000000ff900000| PB 0x00000000ff900000| Complete 
| 506|0x00000000ffa00000, 0x00000000ffb00000, 0x00000000ffb00000|100%| E|CS|TAMS 0x00000000ffa00000| PB 0x00000000ffa00000| Complete 
| 507|0x00000000ffb00000, 0x00000000ffc00000, 0x00000000ffc00000|100%| E|CS|TAMS 0x00000000ffb00000| PB 0x00000000ffb00000| Complete 
| 508|0x00000000ffc00000, 0x00000000ffd00000, 0x00000000ffd00000|100%| E|CS|TAMS 0x00000000ffc00000| PB 0x00000000ffc00000| Complete 
| 509|0x00000000ffd00000, 0x00000000ffe00000, 0x00000000ffe00000|100%| E|CS|TAMS 0x00000000ffd00000| PB 0x00000000ffd00000| Complete 
| 510|0x00000000ffe00000, 0x00000000fff00000, 0x00000000fff00000|100%| E|CS|TAMS 0x00000000ffe00000| PB 0x00000000ffe00000| Complete 
| 511|0x00000000fff00000, 0x0000000100000000, 0x0000000100000000|100%| E|CS|TAMS 0x00000000fff00000| PB 0x00000000fff00000| Complete 

Card table byte_map: [0x00000196f7150000,0x00000196f7250000] _byte_map_base: 0x00000196f6a50000

Marking Bits: (CMBitMap*) 0x00000196f36a8fe0
 Bits: [0x00000196f7250000, 0x00000196f7a50000)

Polling page: 0x00000196f1480000

Metaspace:

Usage:
  Non-class:    155.22 MB used.
      Class:     22.42 MB used.
       Both:    177.64 MB used.

Virtual space:
  Non-class space:      192.00 MB reserved,     155.88 MB ( 81%) committed,  3 nodes.
      Class space:      320.00 MB reserved,      23.06 MB (  7%) committed,  1 nodes.
             Both:      512.00 MB reserved,     178.94 MB ( 35%) committed. 

Chunk freelists:
   Non-Class:  4.17 MB
       Class:  8.98 MB
        Both:  13.15 MB

MaxMetaspaceSize: 384.00 MB
CompressedClassSpaceSize: 320.00 MB
Initial GC threshold: 21.00 MB
Current GC threshold: 298.12 MB
CDS: off
 - commit_granule_bytes: 65536.
 - commit_granule_words: 8192.
 - virtual_space_node_default_size: 8388608.
 - enlarge_chunks_in_place: 1.
 - use_allocation_guard: 0.


Internal statistics:

num_allocs_failed_limit: 18.
num_arena_births: 6030.
num_arena_deaths: 4074.
num_vsnodes_births: 4.
num_vsnodes_deaths: 0.
num_space_committed: 2850.
num_space_uncommitted: 0.
num_chunks_returned_to_freelist: 5124.
num_chunks_taken_from_freelist: 15608.
num_chunk_merges: 1665.
num_chunk_splits: 8766.
num_chunks_enlarged: 5460.
num_inconsistent_stats: 0.

CodeHeap 'non-profiled nmethods': size=119168Kb used=16333Kb max_used=23985Kb free=102834Kb
 bounds [0x0000019687ba0000, 0x0000019689310000, 0x000001968f000000]
CodeHeap 'profiled nmethods': size=119104Kb used=18725Kb max_used=41389Kb free=100378Kb
 bounds [0x0000019680000000, 0x00000196828b0000, 0x0000019687450000]
CodeHeap 'non-nmethods': size=7488Kb used=5172Kb max_used=5305Kb free=2315Kb
 bounds [0x0000019687450000, 0x00000196879d0000, 0x0000019687ba0000]
 total_blobs=11652 nmethods=10460 adapters=1091
 compilation: enabled
              stopped_count=0, restarted_count=0
 full_count=0

Compilation events (20 events):
Event: 3181.948 Thread 0x000001969cae7680 nmethod 53509% 0x0000019688278190 code [0x00000196882784e0, 0x00000196882797a8]
Event: 3181.948 Thread 0x000001969cae7680 53514       4       com.android.tools.r8.internal.Z8::a (109 bytes)
Event: 3181.950 Thread 0x000001969d2e3ff0 nmethod 53512 0x0000019688277110 code [0x00000196882772e0, 0x0000019688277dd8]
Event: 3181.950 Thread 0x000001969d2e3ff0 53520       4       com.android.tools.r8.internal.Bh::a (39 bytes)
Event: 3181.950 Thread 0x000001969cae7680 nmethod 53514 0x0000019688276c10 code [0x0000019688276dc0, 0x0000019688276f78]
Event: 3181.952 Thread 0x0000019695d70080 nmethod 53526 0x0000019687d69490 code [0x0000019687d696a0, 0x0000019687d6a130]
Event: 3181.952 Thread 0x000001969cae7680 53527       4       com.android.tools.r8.internal.qo0::b (81 bytes)
Event: 3181.952 Thread 0x0000019695d70080 53528       4       com.android.tools.r8.internal.qo0::c (184 bytes)
Event: 3181.953 Thread 0x000001969d2e3ff0 nmethod 53520 0x0000019688276410 code [0x00000196882765c0, 0x0000019688276a58]
Event: 3181.954 Thread 0x000001969a305820 nmethod 53522 0x0000019687d67890 code [0x0000019687d67bc0, 0x0000019687d688a0]
Event: 3181.956 Thread 0x0000019695d6e4d0 53529       3       com.android.tools.r8.internal.qo0::a (788 bytes)
Event: 3181.956 Thread 0x000001969a305820 53530       4       com.android.tools.r8.internal.le::E (83 bytes)
Event: 3181.956 Thread 0x000001969a305820 nmethod 53530 0x0000019688319210 code [0x00000196883193a0, 0x0000019688319450]
Event: 3181.957 Thread 0x00000196fac78650 nmethod 53356 0x0000019687d63810 code [0x0000019687d63c80, 0x0000019687d65c58]
Event: 3181.957 Thread 0x000001969d2e3ff0 53531       4       com.android.tools.r8.internal.W8::a (123 bytes)
Event: 3181.958 Thread 0x000001969a305820 53532       4       com.android.tools.r8.internal.zx0::U (37 bytes)
Event: 3181.958 Thread 0x000001969d2e3ff0 nmethod 53531 0x0000019688275e10 code [0x0000019688275fa0, 0x0000019688276138]
Event: 3181.958 Thread 0x000001969a307a30 nmethod 53521 0x00000196883e1010 code [0x00000196883e1440, 0x00000196883e30e8]
Event: 3181.959 Thread 0x0000019695d6e4d0 nmethod 53529 0x00000196813e9110 code [0x00000196813e9cc0, 0x00000196813f2260]
Event: 3181.960 Thread 0x000001969a305820 nmethod 53532 0x0000019687d63090 code [0x0000019687d63260, 0x0000019687d63580]

GC Heap History (20 events):
Event: 3181.861 GC heap after
{Heap after GC invocations=632 (full 5):
 garbage-first heap   total 524288K, used 475723K [0x00000000e0000000, 0x0000000100000000)
  region size 1024K, 2 young (2048K), 2 survivors (2048K)
 Metaspace       used 181902K, committed 183232K, reserved 524288K
  class space    used 22962K, committed 23616K, reserved 327680K
}
Event: 3181.868 GC heap before
{Heap before GC invocations=632 (full 5):
 garbage-first heap   total 524288K, used 499275K [0x00000000e0000000, 0x0000000100000000)
  region size 1024K, 25 young (25600K), 2 survivors (2048K)
 Metaspace       used 181902K, committed 183232K, reserved 524288K
  class space    used 22962K, committed 23616K, reserved 327680K
}
Event: 3181.869 GC heap after
{Heap after GC invocations=633 (full 5):
 garbage-first heap   total 524288K, used 476278K [0x00000000e0000000, 0x0000000100000000)
  region size 1024K, 3 young (3072K), 3 survivors (3072K)
 Metaspace       used 181902K, committed 183232K, reserved 524288K
  class space    used 22962K, committed 23616K, reserved 327680K
}
Event: 3181.875 GC heap before
{Heap before GC invocations=633 (full 5):
 garbage-first heap   total 524288K, used 498806K [0x00000000e0000000, 0x0000000100000000)
  region size 1024K, 25 young (25600K), 3 survivors (3072K)
 Metaspace       used 181902K, committed 183232K, reserved 524288K
  class space    used 22962K, committed 23616K, reserved 327680K
}
Event: 3181.876 GC heap after
{Heap after GC invocations=634 (full 5):
 garbage-first heap   total 524288K, used 476069K [0x00000000e0000000, 0x0000000100000000)
  region size 1024K, 2 young (2048K), 2 survivors (2048K)
 Metaspace       used 181902K, committed 183232K, reserved 524288K
  class space    used 22962K, committed 23616K, reserved 327680K
}
Event: 3181.884 GC heap before
{Heap before GC invocations=634 (full 5):
 garbage-first heap   total 524288K, used 499621K [0x00000000e0000000, 0x0000000100000000)
  region size 1024K, 25 young (25600K), 2 survivors (2048K)
 Metaspace       used 181902K, committed 183232K, reserved 524288K
  class space    used 22962K, committed 23616K, reserved 327680K
}
Event: 3181.885 GC heap after
{Heap after GC invocations=635 (full 5):
 garbage-first heap   total 524288K, used 476108K [0x00000000e0000000, 0x0000000100000000)
  region size 1024K, 2 young (2048K), 2 survivors (2048K)
 Metaspace       used 181902K, committed 183232K, reserved 524288K
  class space    used 22962K, committed 23616K, reserved 327680K
}
Event: 3181.892 GC heap before
{Heap before GC invocations=635 (full 5):
 garbage-first heap   total 524288K, used 498636K [0x00000000e0000000, 0x0000000100000000)
  region size 1024K, 25 young (25600K), 2 survivors (2048K)
 Metaspace       used 181902K, committed 183232K, reserved 524288K
  class space    used 22962K, committed 23616K, reserved 327680K
}
Event: 3181.893 GC heap after
{Heap after GC invocations=636 (full 5):
 garbage-first heap   total 524288K, used 476709K [0x00000000e0000000, 0x0000000100000000)
  region size 1024K, 3 young (3072K), 3 survivors (3072K)
 Metaspace       used 181902K, committed 183232K, reserved 524288K
  class space    used 22962K, committed 23616K, reserved 327680K
}
Event: 3181.897 GC heap before
{Heap before GC invocations=636 (full 5):
 garbage-first heap   total 524288K, used 498213K [0x00000000e0000000, 0x0000000100000000)
  region size 1024K, 25 young (25600K), 3 survivors (3072K)
 Metaspace       used 181902K, committed 183232K, reserved 524288K
  class space    used 22962K, committed 23616K, reserved 327680K
}
Event: 3181.899 GC heap after
{Heap after GC invocations=637 (full 5):
 garbage-first heap   total 524288K, used 476287K [0x00000000e0000000, 0x0000000100000000)
  region size 1024K, 2 young (2048K), 2 survivors (2048K)
 Metaspace       used 181902K, committed 183232K, reserved 524288K
  class space    used 22962K, committed 23616K, reserved 327680K
}
Event: 3181.905 GC heap before
{Heap before GC invocations=637 (full 5):
 garbage-first heap   total 524288K, used 499839K [0x00000000e0000000, 0x0000000100000000)
  region size 1024K, 25 young (25600K), 2 survivors (2048K)
 Metaspace       used 181902K, committed 183232K, reserved 524288K
  class space    used 22962K, committed 23616K, reserved 327680K
}
Event: 3181.906 GC heap after
{Heap after GC invocations=638 (full 5):
 garbage-first heap   total 524288K, used 476690K [0x00000000e0000000, 0x0000000100000000)
  region size 1024K, 2 young (2048K), 2 survivors (2048K)
 Metaspace       used 181902K, committed 183232K, reserved 524288K
  class space    used 22962K, committed 23616K, reserved 327680K
}
Event: 3181.912 GC heap before
{Heap before GC invocations=639 (full 5):
 garbage-first heap   total 524288K, used 500242K [0x00000000e0000000, 0x0000000100000000)
  region size 1024K, 25 young (25600K), 2 survivors (2048K)
 Metaspace       used 181902K, committed 183232K, reserved 524288K
  class space    used 22962K, committed 23616K, reserved 327680K
}
Event: 3181.914 GC heap after
{Heap after GC invocations=640 (full 5):
 garbage-first heap   total 524288K, used 476525K [0x00000000e0000000, 0x0000000100000000)
  region size 1024K, 2 young (2048K), 2 survivors (2048K)
 Metaspace       used 181902K, committed 183232K, reserved 524288K
  class space    used 22962K, committed 23616K, reserved 327680K
}
Event: 3181.920 GC heap before
{Heap before GC invocations=640 (full 5):
 garbage-first heap   total 524288K, used 500077K [0x00000000e0000000, 0x0000000100000000)
  region size 1024K, 25 young (25600K), 2 survivors (2048K)
 Metaspace       used 181902K, committed 183232K, reserved 524288K
  class space    used 22962K, committed 23616K, reserved 327680K
}
Event: 3181.923 GC heap after
{Heap after GC invocations=641 (full 5):
 garbage-first heap   total 524288K, used 432201K [0x00000000e0000000, 0x0000000100000000)
  region size 1024K, 2 young (2048K), 2 survivors (2048K)
 Metaspace       used 181902K, committed 183232K, reserved 524288K
  class space    used 22962K, committed 23616K, reserved 327680K
}
Event: 3181.938 GC heap before
{Heap before GC invocations=641 (full 5):
 garbage-first heap   total 524288K, used 492617K [0x00000000e0000000, 0x0000000100000000)
  region size 1024K, 61 young (62464K), 2 survivors (2048K)
 Metaspace       used 181902K, committed 183232K, reserved 524288K
  class space    used 22962K, committed 23616K, reserved 327680K
}
Event: 3181.943 GC heap after
{Heap after GC invocations=642 (full 5):
 garbage-first heap   total 524288K, used 417151K [0x00000000e0000000, 0x0000000100000000)
  region size 1024K, 2 young (2048K), 2 survivors (2048K)
 Metaspace       used 181902K, committed 183232K, reserved 524288K
  class space    used 22962K, committed 23616K, reserved 327680K
}
Event: 3181.960 GC heap before
{Heap before GC invocations=642 (full 5):
 garbage-first heap   total 524288K, used 492927K [0x00000000e0000000, 0x0000000100000000)
  region size 1024K, 76 young (77824K), 2 survivors (2048K)
 Metaspace       used 181904K, committed 183232K, reserved 524288K
  class space    used 22962K, committed 23616K, reserved 327680K
}

Dll operation events (3 events):
Event: 0.005 Loaded shared library C:\Program Files\Android\Android Studio1\jbr\bin\java.dll
Event: 0.008 Loaded shared library C:\Program Files\Android\Android Studio1\jbr\bin\zip.dll
Event: 0.266 Loaded shared library C:\Program Files\Android\Android Studio1\jbr\bin\verify.dll

Deoptimization events (20 events):
Event: 3181.865 Thread 0x0000019693a65670 Uncommon trap: trap_request=0xffffffde fr.pc=0x0000019687cd7918 relative=0x0000000000000138
Event: 3181.865 Thread 0x0000019693a65670 Uncommon trap: reason=class_check action=maybe_recompile pc=0x0000019687cd7918 method=com.android.tools.r8.internal.qH.putAll(Ljava/util/Map;)V @ 48 c2
Event: 3181.865 Thread 0x0000019693a65670 DEOPT PACKING pc=0x0000019687cd7918 sp=0x0000004c01bfb2b0
Event: 3181.865 Thread 0x0000019693a65670 DEOPT UNPACKING pc=0x00000196874a7da2 sp=0x0000004c01bfb240 mode 2
Event: 3181.865 Thread 0x0000019693a65670 Uncommon trap: trap_request=0xffffffde fr.pc=0x0000019688803888 relative=0x0000000000000ba8
Event: 3181.865 Thread 0x0000019693a65670 Uncommon trap: reason=class_check action=maybe_recompile pc=0x0000019688803888 method=com.android.tools.r8.internal.T.putAll(Ljava/util/Map;)V @ 3 c2
Event: 3181.865 Thread 0x0000019693a65670 DEOPT PACKING pc=0x0000019688803888 sp=0x0000004c01bfb1c0
Event: 3181.865 Thread 0x0000019693a65670 DEOPT UNPACKING pc=0x00000196874a7da2 sp=0x0000004c01bfb1b0 mode 2
Event: 3181.865 Thread 0x0000019693a65670 Uncommon trap: trap_request=0xffffffde fr.pc=0x0000019687cd7918 relative=0x0000000000000138
Event: 3181.865 Thread 0x0000019693a65670 Uncommon trap: reason=class_check action=maybe_recompile pc=0x0000019687cd7918 method=com.android.tools.r8.internal.qH.putAll(Ljava/util/Map;)V @ 48 c2
Event: 3181.865 Thread 0x0000019693a65670 DEOPT PACKING pc=0x0000019687cd7918 sp=0x0000004c01bfb2b0
Event: 3181.865 Thread 0x0000019693a65670 DEOPT UNPACKING pc=0x00000196874a7da2 sp=0x0000004c01bfb240 mode 2
Event: 3181.865 Thread 0x0000019693a65670 Uncommon trap: trap_request=0xffffffde fr.pc=0x0000019688803888 relative=0x0000000000000ba8
Event: 3181.865 Thread 0x0000019693a65670 Uncommon trap: reason=class_check action=maybe_recompile pc=0x0000019688803888 method=com.android.tools.r8.internal.T.putAll(Ljava/util/Map;)V @ 3 c2
Event: 3181.865 Thread 0x0000019693a65670 DEOPT PACKING pc=0x0000019688803888 sp=0x0000004c01bfb1c0
Event: 3181.865 Thread 0x0000019693a65670 DEOPT UNPACKING pc=0x00000196874a7da2 sp=0x0000004c01bfb1b0 mode 2
Event: 3181.932 Thread 0x0000019693a65670 DEOPT PACKING pc=0x00000196807291af sp=0x0000004c01bfa5f0
Event: 3181.932 Thread 0x0000019693a65670 DEOPT UNPACKING pc=0x00000196874a88e2 sp=0x0000004c01bf9a68 mode 0
Event: 3181.946 Thread 0x0000019693a65670 DEOPT PACKING pc=0x0000019680bbb9a1 sp=0x0000004c01bfb260
Event: 3181.946 Thread 0x0000019693a65670 DEOPT UNPACKING pc=0x00000196874a88e2 sp=0x0000004c01bfa788 mode 0

Classes loaded (20 events):
Event: 3172.923 Loading class java/util/concurrent/RejectedExecutionException
Event: 3172.923 Loading class java/util/concurrent/RejectedExecutionException done
Event: 3173.770 Loading class java/util/IdentityHashMap$EntrySpliterator
Event: 3173.770 Loading class java/util/IdentityHashMap$IdentityHashMapSpliterator
Event: 3173.770 Loading class java/util/IdentityHashMap$IdentityHashMapSpliterator done
Event: 3173.770 Loading class java/util/IdentityHashMap$EntrySpliterator done
Event: 3173.782 Loading class java/util/SortedSet$1
Event: 3173.782 Loading class java/util/SortedSet$1 done
Event: 3173.785 Loading class java/util/stream/SliceOps
Event: 3173.785 Loading class java/util/stream/SliceOps done
Event: 3173.786 Loading class java/util/stream/SliceOps$1
Event: 3173.786 Loading class java/util/stream/SliceOps$1 done
Event: 3173.786 Loading class java/util/stream/SliceOps$1$1
Event: 3173.786 Loading class java/util/stream/SliceOps$1$1 done
Event: 3173.803 Loading class java/util/PriorityQueue
Event: 3173.803 Loading class java/util/PriorityQueue done
Event: 3174.747 Loading class java/nio/ByteBufferAsShortBufferL
Event: 3174.747 Loading class java/nio/ByteBufferAsShortBufferL done
Event: 3174.828 Loading class java/util/zip/Adler32
Event: 3174.828 Loading class java/util/zip/Adler32 done

Classes unloaded (20 events):
Event: 3175.585 Thread 0x00000196fab8aa80 Unloading class 0x00000001012c4000 'java/lang/invoke/LambdaForm$MH+0x00000001012c4000'
Event: 3175.585 Thread 0x00000196fab8aa80 Unloading class 0x00000001012c4800 'java/lang/invoke/LambdaForm$MH+0x00000001012c4800'
Event: 3175.585 Thread 0x00000196fab8aa80 Unloading class 0x00000001012d1000 'java/lang/invoke/LambdaForm$MH+0x00000001012d1000'
Event: 3175.585 Thread 0x00000196fab8aa80 Unloading class 0x0000000101374400 'jdk/internal/reflect/GeneratedSerializationConstructorAccessor203'
Event: 3175.585 Thread 0x00000196fab8aa80 Unloading class 0x0000000101371c00 'java/lang/invoke/LambdaForm$MH+0x0000000101371c00'
Event: 3175.585 Thread 0x00000196fab8aa80 Unloading class 0x000000010136c400 'java/lang/invoke/LambdaForm$MH+0x000000010136c400'
Event: 3175.585 Thread 0x00000196fab8aa80 Unloading class 0x0000000101368c00 'jdk/internal/reflect/GeneratedSerializationConstructorAccessor160'
Event: 3175.585 Thread 0x00000196fab8aa80 Unloading class 0x0000000101320000 'jdk/internal/reflect/GeneratedSerializationConstructorAccessor119'
Event: 3175.585 Thread 0x00000196fab8aa80 Unloading class 0x00000001010b2800 'java/lang/invoke/LambdaForm$DMH+0x00000001010b2800'
Event: 3175.585 Thread 0x00000196fab8aa80 Unloading class 0x00000001010aa000 'java/lang/invoke/LambdaForm$DMH+0x00000001010aa000'
Event: 3175.585 Thread 0x00000196fab8aa80 Unloading class 0x00000001010a9800 'java/lang/invoke/LambdaForm$DMH+0x00000001010a9800'
Event: 3175.585 Thread 0x00000196fab8aa80 Unloading class 0x000000010100a400 'java/lang/invoke/LambdaForm$DMH+0x000000010100a400'
Event: 3175.585 Thread 0x00000196fab8aa80 Unloading class 0x000000010100a000 'java/lang/invoke/LambdaForm$DMH+0x000000010100a000'
Event: 3175.585 Thread 0x00000196fab8aa80 Unloading class 0x0000000101009c00 'java/lang/invoke/LambdaForm$DMH+0x0000000101009c00'
Event: 3175.585 Thread 0x00000196fab8aa80 Unloading class 0x0000000100ffdc00 'java/lang/invoke/LambdaForm$DMH+0x0000000100ffdc00'
Event: 3175.585 Thread 0x00000196fab8aa80 Unloading class 0x00000001009c1400 'jdk/internal/reflect/GeneratedSerializationConstructorAccessor49'
Event: 3175.585 Thread 0x00000196fab8aa80 Unloading class 0x000000010051ac00 'jdk/internal/reflect/GeneratedSerializationConstructorAccessor17'
Event: 3175.585 Thread 0x00000196fab8aa80 Unloading class 0x0000000100000400 'java/lang/invoke/LambdaForm$MH+0x0000000100000400'
Event: 3177.769 Thread 0x00000196fab8aa80 Unloading class 0x0000000101456400 'java/lang/invoke/LambdaForm$MH+0x0000000101456400'
Event: 3177.769 Thread 0x00000196fab8aa80 Unloading class 0x0000000101456c00 'java/lang/invoke/LambdaForm$MH+0x0000000101456c00'

Classes redefined (0 events):
No events

Internal exceptions (20 events):
Event: 3179.436 Thread 0x00000196980461d0 Exception <a 'sun/nio/fs/WindowsException'{0x00000000fff17670}> (0x00000000fff17670) 
thrown [s\src\hotspot\share\prims\jni.cpp, line 535]
Event: 3179.582 Thread 0x0000019691c38bb0 Exception <a 'sun/nio/fs/WindowsException'{0x00000000fff30368}> (0x00000000fff30368) 
thrown [s\src\hotspot\share\prims\jni.cpp, line 535]
Event: 3179.756 Thread 0x0000019695433990 Exception <a 'sun/nio/fs/WindowsException'{0x00000000fdd629b8}> (0x00000000fdd629b8) 
thrown [s\src\hotspot\share\prims\jni.cpp, line 535]
Event: 3179.896 Thread 0x0000019694ebfa50 Exception <a 'sun/nio/fs/WindowsException'{0x00000000fceca6d8}> (0x00000000fceca6d8) 
thrown [s\src\hotspot\share\prims\jni.cpp, line 535]
Event: 3179.902 Thread 0x0000019691c39240 Exception <a 'sun/nio/fs/WindowsException'{0x00000000ffe0c000}> (0x00000000ffe0c000) 
thrown [s\src\hotspot\share\prims\jni.cpp, line 535]
Event: 3180.177 Thread 0x0000019691c3a5f0 Exception <a 'sun/nio/fs/WindowsException'{0x00000000fff28688}> (0x00000000fff28688) 
thrown [s\src\hotspot\share\prims\jni.cpp, line 535]
Event: 3180.182 Thread 0x00000196980461d0 Exception <a 'sun/nio/fs/WindowsException'{0x00000000ff407380}> (0x00000000ff407380) 
thrown [s\src\hotspot\share\prims\jni.cpp, line 535]
Event: 3180.613 Thread 0x0000019693a642c0 Exception <a 'sun/nio/fs/WindowsException'{0x00000000ff5a44a0}> (0x00000000ff5a44a0) 
thrown [s\src\hotspot\share\prims\jni.cpp, line 535]
Event: 3180.650 Thread 0x00000196980461d0 Exception <a 'sun/nio/fs/WindowsException'{0x00000000fe7d5dc8}> (0x00000000fe7d5dc8) 
thrown [s\src\hotspot\share\prims\jni.cpp, line 535]
Event: 3180.676 Thread 0x000001968f656c00 Exception <a 'sun/nio/fs/WindowsException'{0x00000000ff45e668}> (0x00000000ff45e668) 
thrown [s\src\hotspot\share\prims\jni.cpp, line 535]
Event: 3180.895 Thread 0x000001968f656c00 Exception <a 'sun/nio/fs/WindowsException'{0x00000000fcc0d100}> (0x00000000fcc0d100) 
thrown [s\src\hotspot\share\prims\jni.cpp, line 535]
Event: 3180.951 Thread 0x0000019691c39240 Exception <a 'sun/nio/fs/WindowsException'{0x00000000fd899940}> (0x00000000fd899940) 
thrown [s\src\hotspot\share\prims\jni.cpp, line 535]
Event: 3180.968 Thread 0x0000019691c38bb0 Exception <a 'sun/nio/fs/WindowsException'{0x00000000fed430b8}> (0x00000000fed430b8) 
thrown [s\src\hotspot\share\prims\jni.cpp, line 535]
Event: 3181.028 Thread 0x00000196980461d0 Exception <a 'sun/nio/fs/WindowsException'{0x00000000ff9b0068}> (0x00000000ff9b0068) 
thrown [s\src\hotspot\share\prims\jni.cpp, line 535]
Event: 3181.029 Thread 0x0000019693a58b10 Exception <a 'sun/nio/fs/WindowsException'{0x00000000ff2f7398}> (0x00000000ff2f7398) 
thrown [s\src\hotspot\share\prims\jni.cpp, line 535]
Event: 3181.347 Thread 0x00000196983608d0 Exception <a 'sun/nio/fs/WindowsException'{0x00000000ffb6def0}> (0x00000000ffb6def0) 
thrown [s\src\hotspot\share\prims\jni.cpp, line 535]
Event: 3181.371 Thread 0x0000019698043a70 Exception <a 'sun/nio/fs/WindowsException'{0x00000000ffba1ef8}> (0x00000000ffba1ef8) 
thrown [s\src\hotspot\share\prims\jni.cpp, line 535]
Event: 3181.412 Thread 0x0000019691c3a5f0 Exception <a 'sun/nio/fs/WindowsException'{0x00000000ff5b12a8}> (0x00000000ff5b12a8) 
thrown [s\src\hotspot\share\prims\jni.cpp, line 535]
Event: 3181.468 Thread 0x0000019693a642c0 Exception <a 'sun/nio/fs/WindowsException'{0x00000000fe805a50}> (0x00000000fe805a50) 
thrown [s\src\hotspot\share\prims\jni.cpp, line 535]
Event: 3181.493 Thread 0x0000019695433990 Exception <a 'sun/nio/fs/WindowsException'{0x00000000fff7c618}> (0x00000000fff7c618) 
thrown [s\src\hotspot\share\prims\jni.cpp, line 535]

ZGC Phase Switch (0 events):
No events

VM Operations (20 events):
Event: 3181.869 Executing VM operation: G1CollectForAllocation (G1 Evacuation Pause) done
Event: 3181.875 Executing VM operation: G1CollectForAllocation (G1 Evacuation Pause)
Event: 3181.876 Executing VM operation: G1CollectForAllocation (G1 Evacuation Pause) done
Event: 3181.884 Executing VM operation: G1CollectForAllocation (G1 Evacuation Pause)
Event: 3181.885 Executing VM operation: G1CollectForAllocation (G1 Evacuation Pause) done
Event: 3181.891 Executing VM operation: G1CollectForAllocation (G1 Evacuation Pause)
Event: 3181.893 Executing VM operation: G1CollectForAllocation (G1 Evacuation Pause) done
Event: 3181.897 Executing VM operation: G1CollectForAllocation (G1 Evacuation Pause)
Event: 3181.899 Executing VM operation: G1CollectForAllocation (G1 Evacuation Pause) done
Event: 3181.905 Executing VM operation: G1CollectForAllocation (G1 Evacuation Pause)
Event: 3181.906 Executing VM operation: G1CollectForAllocation (G1 Evacuation Pause) done
Event: 3181.909 Executing VM operation: G1PauseCleanup
Event: 3181.909 Executing VM operation: G1PauseCleanup done
Event: 3181.912 Executing VM operation: G1CollectForAllocation (G1 Evacuation Pause)
Event: 3181.914 Executing VM operation: G1CollectForAllocation (G1 Evacuation Pause) done
Event: 3181.920 Executing VM operation: G1CollectForAllocation (G1 Evacuation Pause)
Event: 3181.923 Executing VM operation: G1CollectForAllocation (G1 Evacuation Pause) done
Event: 3181.938 Executing VM operation: G1CollectForAllocation (G1 Evacuation Pause)
Event: 3181.943 Executing VM operation: G1CollectForAllocation (G1 Evacuation Pause) done
Event: 3181.960 Executing VM operation: G1CollectForAllocation (G1 Evacuation Pause)

Memory protections (0 events):
No events

Nmethod flushes (20 events):
Event: 3181.815 Thread 0x00000196fab8aa80 flushing  nmethod 0x0000019682335d10
Event: 3181.815 Thread 0x00000196fab8aa80 flushing  nmethod 0x00000196824cd010
Event: 3181.815 Thread 0x00000196fab8aa80 flushing  nmethod 0x00000196827cb690
Event: 3181.815 Thread 0x00000196fab8aa80 flushing  nmethod 0x000001968040d990
Event: 3181.815 Thread 0x00000196fab8aa80 flushing  nmethod 0x0000019680411c90
Event: 3181.815 Thread 0x00000196fab8aa80 flushing  nmethod 0x0000019680a5dc90
Event: 3181.815 Thread 0x00000196fab8aa80 flushing  nmethod 0x0000019680c1d690
Event: 3181.815 Thread 0x00000196fab8aa80 flushing  nmethod 0x0000019680c74a10
Event: 3181.815 Thread 0x00000196fab8aa80 flushing  nmethod 0x0000019680e5eb10
Event: 3181.815 Thread 0x00000196fab8aa80 flushing  nmethod 0x00000196811a7610
Event: 3181.815 Thread 0x00000196fab8aa80 flushing  nmethod 0x00000196812ddc90
Event: 3181.815 Thread 0x00000196fab8aa80 flushing  nmethod 0x0000019680158210
Event: 3181.815 Thread 0x00000196fab8aa80 flushing  nmethod 0x00000196804ba190
Event: 3181.815 Thread 0x00000196fab8aa80 flushing  nmethod 0x0000019680502e10
Event: 3181.815 Thread 0x00000196fab8aa80 flushing  nmethod 0x00000196805ec810
Event: 3181.815 Thread 0x00000196fab8aa80 flushing  nmethod 0x0000019680b67510
Event: 3181.815 Thread 0x00000196fab8aa80 flushing  nmethod 0x0000019680eb8290
Event: 3181.815 Thread 0x00000196fab8aa80 flushing  nmethod 0x0000019680f2a790
Event: 3181.815 Thread 0x00000196fab8aa80 flushing  nmethod 0x0000019681cbc310
Event: 3181.815 Thread 0x00000196fab8aa80 flushing  nmethod 0x0000019681cc0990

Events (20 events):
Event: 3172.107 Thread 0x0000019693329730 Thread exited: 0x0000019693329730
Event: 3172.107 Thread 0x00000196ff2927f0 Thread exited: 0x00000196ff2927f0
Event: 3172.135 Thread 0x00000196fac7bae0 Thread added: 0x00000196956d6df0
Event: 3172.138 Thread 0x000001969d2e3250 Thread added: 0x000001969d2e3ff0
Event: 3172.679 Thread 0x000001969d2e3ff0 Thread exited: 0x000001969d2e3ff0
Event: 3172.679 Thread 0x00000196956d6df0 Thread exited: 0x00000196956d6df0
Event: 3172.790 Thread 0x00000196fac7bae0 Thread added: 0x000001969a307360
Event: 3172.790 Thread 0x00000196fac7bae0 Thread added: 0x000001969a307a30
Event: 3172.790 Thread 0x0000019695d6e4d0 Thread added: 0x0000019698baca90
Event: 3172.794 Thread 0x000001969d2e3250 Thread added: 0x000001969d2e3ff0
Event: 3172.795 Thread 0x00000196fac7bae0 Thread added: 0x000001969a305820
Event: 3172.857 Thread 0x00000196983608d0 Thread added: 0x0000019693a58b10
Event: 3172.858 Thread 0x00000196983608d0 Thread added: 0x0000019694ebf3c0
Event: 3172.893 Thread 0x00000196983608d0 Thread added: 0x0000019694ebfa50
Event: 3172.959 Thread 0x00000196983608d0 Thread added: 0x0000019695433990
Event: 3172.960 Thread 0x00000196983608d0 Thread added: 0x0000019691c38520
Event: 3172.961 Thread 0x00000196983608d0 Thread added: 0x0000019691c38bb0
Event: 3172.962 Thread 0x00000196983608d0 Thread added: 0x0000019691c3a5f0
Event: 3172.963 Thread 0x00000196983608d0 Thread added: 0x0000019691c39240
Event: 3172.964 Thread 0x00000196983608d0 Thread added: 0x000001968f656c00


Dynamic libraries:
0x00007ff7b37f0000 - 0x00007ff7b37fa000 	C:\Program Files\Android\Android Studio1\jbr\bin\java.exe
0x00007fff69f80000 - 0x00007fff6a1e7000 	C:\WINDOWS\SYSTEM32\ntdll.dll
0x00007fff68f50000 - 0x00007fff69019000 	C:\WINDOWS\System32\KERNEL32.DLL
0x00007fff67180000 - 0x00007fff6756f000 	C:\WINDOWS\System32\KERNELBASE.dll
0x00007fff63170000 - 0x00007fff6320e000 	C:\WINDOWS\SYSTEM32\apphelp.dll
0x00007fff67780000 - 0x00007fff678cb000 	C:\WINDOWS\System32\ucrtbase.dll
0x00007fff50200000 - 0x00007fff5021b000 	C:\Program Files\Android\Android Studio1\jbr\bin\VCRUNTIME140.dll
0x00007fff4b390000 - 0x00007fff4b3a8000 	C:\Program Files\Android\Android Studio1\jbr\bin\jli.dll
0x00007fff69260000 - 0x00007fff6942c000 	C:\WINDOWS\System32\USER32.dll
0x00007fff670a0000 - 0x00007fff670c7000 	C:\WINDOWS\System32\win32u.dll
0x00007fff4e860000 - 0x00007fff4eafa000 	C:\WINDOWS\WinSxS\amd64_microsoft.windows.common-controls_6595b64144ccf1df_6.0.26100.4441_none_3e0ab07ce3324174\COMCTL32.dll
0x00007fff68540000 - 0x00007fff6856b000 	C:\WINDOWS\System32\GDI32.dll
0x00007fff67f80000 - 0x00007fff68029000 	C:\WINDOWS\System32\msvcrt.dll
0x00007fff67640000 - 0x00007fff67778000 	C:\WINDOWS\System32\gdi32full.dll
0x00007fff670d0000 - 0x00007fff67173000 	C:\WINDOWS\System32\msvcp_win.dll
0x00007fff68500000 - 0x00007fff6852f000 	C:\WINDOWS\System32\IMM32.DLL
0x00007fff630a0000 - 0x00007fff630ac000 	C:\Program Files\Android\Android Studio1\jbr\bin\vcruntime140_1.dll
0x00007fff0cef0000 - 0x00007fff0cf7d000 	C:\Program Files\Android\Android Studio1\jbr\bin\msvcp140.dll
0x00007ffeea570000 - 0x00007ffeeb1fb000 	C:\Program Files\Android\Android Studio1\jbr\bin\server\jvm.dll
0x00007fff69130000 - 0x00007fff691e4000 	C:\WINDOWS\System32\ADVAPI32.dll
0x00007fff69d70000 - 0x00007fff69e16000 	C:\WINDOWS\System32\sechost.dll
0x00007fff69e20000 - 0x00007fff69f38000 	C:\WINDOWS\System32\RPCRT4.dll
0x00007fff69490000 - 0x00007fff69504000 	C:\WINDOWS\System32\WS2_32.dll
0x00007fff66d50000 - 0x00007fff66dae000 	C:\WINDOWS\SYSTEM32\POWRPROF.dll
0x00007fff57370000 - 0x00007fff573a5000 	C:\WINDOWS\SYSTEM32\WINMM.dll
0x00007fff5f830000 - 0x00007fff5f83b000 	C:\WINDOWS\SYSTEM32\VERSION.dll
0x00007fff66d30000 - 0x00007fff66d44000 	C:\WINDOWS\SYSTEM32\UMPDC.dll
0x00007fff65df0000 - 0x00007fff65e0b000 	C:\WINDOWS\SYSTEM32\kernel.appcore.dll
0x00007fff5ea10000 - 0x00007fff5ea1a000 	C:\Program Files\Android\Android Studio1\jbr\bin\jimage.dll
0x00007fff63f40000 - 0x00007fff64181000 	C:\WINDOWS\SYSTEM32\DBGHELP.DLL
0x00007fff68570000 - 0x00007fff688f9000 	C:\WINDOWS\System32\combase.dll
0x00007fff68360000 - 0x00007fff68440000 	C:\WINDOWS\System32\OLEAUT32.dll
0x00007fff48be0000 - 0x00007fff48c23000 	C:\WINDOWS\SYSTEM32\dbgcore.DLL
0x00007fff67ae0000 - 0x00007fff67b79000 	C:\WINDOWS\System32\bcryptPrimitives.dll
0x00007fff4b300000 - 0x00007fff4b30e000 	C:\Program Files\Android\Android Studio1\jbr\bin\instrument.dll
0x00007fff501e0000 - 0x00007fff50200000 	C:\Program Files\Android\Android Studio1\jbr\bin\java.dll
0x00007fff50130000 - 0x00007fff50148000 	C:\Program Files\Android\Android Studio1\jbr\bin\zip.dll
0x00007fff69580000 - 0x00007fff69cce000 	C:\WINDOWS\System32\SHELL32.dll
0x00007fff678d0000 - 0x00007fff67a44000 	C:\WINDOWS\System32\wintypes.dll
0x00007fff64c80000 - 0x00007fff654e0000 	C:\WINDOWS\SYSTEM32\windows.storage.dll
0x00007fff68030000 - 0x00007fff68125000 	C:\WINDOWS\System32\SHCORE.dll
0x00007fff691f0000 - 0x00007fff6925a000 	C:\WINDOWS\System32\shlwapi.dll
0x00007fff66fb0000 - 0x00007fff66fdf000 	C:\WINDOWS\SYSTEM32\profapi.dll
0x00007fff50240000 - 0x00007fff50250000 	C:\Program Files\Android\Android Studio1\jbr\bin\net.dll
0x00007fff5f330000 - 0x00007fff5f44e000 	C:\WINDOWS\SYSTEM32\WINHTTP.dll
0x00007fff66350000 - 0x00007fff663bb000 	C:\WINDOWS\system32\mswsock.dll
0x00007fff4cf00000 - 0x00007fff4cf16000 	C:\Program Files\Android\Android Studio1\jbr\bin\nio.dll
0x00007fff4b3f0000 - 0x00007fff4b400000 	C:\Program Files\Android\Android Studio1\jbr\bin\verify.dll
0x00007fff5ead0000 - 0x00007fff5eaf7000 	C:\Users\great\.gradle\native\1def1411415f61bf3af743bc5b6707747c0891f09f0c88961ee8f79bc544acac\windows-amd64\native-platform.dll
0x00007fff1b3e0000 - 0x00007fff1b458000 	C:\Users\great\.gradle\native\0.2.7\x86_64-windows-gnu\gradle-fileevents.dll
0x00007fff4b420000 - 0x00007fff4b429000 	C:\Program Files\Android\Android Studio1\jbr\bin\management.dll
0x00007fff4b410000 - 0x00007fff4b41b000 	C:\Program Files\Android\Android Studio1\jbr\bin\management_ext.dll
0x00007fff69ce0000 - 0x00007fff69ce8000 	C:\WINDOWS\System32\PSAPI.DLL
0x00007fff657e0000 - 0x00007fff65813000 	C:\WINDOWS\SYSTEM32\IPHLPAPI.DLL
0x00007fff67f70000 - 0x00007fff67f7a000 	C:\WINDOWS\System32\NSI.dll
0x00007fff50120000 - 0x00007fff50129000 	C:\Program Files\Android\Android Studio1\jbr\bin\extnet.dll
0x00007fff66730000 - 0x00007fff6674b000 	C:\WINDOWS\SYSTEM32\CRYPTSP.dll
0x00007fff65d50000 - 0x00007fff65d8a000 	C:\WINDOWS\system32\rsaenh.dll
0x00007fff663f0000 - 0x00007fff6641b000 	C:\WINDOWS\SYSTEM32\USERENV.dll
0x00007fff66f80000 - 0x00007fff66fa6000 	C:\WINDOWS\SYSTEM32\bcrypt.dll
0x00007fff66590000 - 0x00007fff6659c000 	C:\WINDOWS\SYSTEM32\CRYPTBASE.dll
0x00007fff318e0000 - 0x00007fff318e8000 	C:\WINDOWS\system32\wshunix.dll
0x00007fff65f20000 - 0x00007fff65f56000 	C:\WINDOWS\SYSTEM32\ntmarta.dll
0x00007fff65870000 - 0x00007fff65996000 	C:\WINDOWS\SYSTEM32\DNSAPI.dll
0x00007fff5f8b0000 - 0x00007fff5f8bb000 	C:\Windows\System32\rasadhlp.dll
0x00007fff5cf00000 - 0x00007fff5cf86000 	C:\WINDOWS\System32\fwpuclnt.dll
0x00007fff28a80000 - 0x00007fff28ac1000 	C:\Users\great\AppData\Local\Temp\jna-98619021\jna17364171721220207150.dll

dbghelp: loaded successfully - version: 4.0.5 - missing functions: none
symbol engine: initialized successfully - sym options: 0x614 - pdb path: .;C:\Program Files\Android\Android Studio1\jbr\bin;C:\WINDOWS\SYSTEM32;C:\WINDOWS\WinSxS\amd64_microsoft.windows.common-controls_6595b64144ccf1df_6.0.26100.4441_none_3e0ab07ce3324174;C:\Program Files\Android\Android Studio1\jbr\bin\server;C:\Users\great\.gradle\native\1def1411415f61bf3af743bc5b6707747c0891f09f0c88961ee8f79bc544acac\windows-amd64;C:\Users\great\.gradle\native\0.2.7\x86_64-windows-gnu;C:\Users\great\AppData\Local\Temp\jna-98619021

VM Arguments:
jvm_args: --add-opens=java.base/java.lang=ALL-UNNAMED --add-opens=java.base/java.lang.invoke=ALL-UNNAMED --add-opens=java.base/java.util=ALL-UNNAMED --add-opens=java.prefs/java.util.prefs=ALL-UNNAMED --add-exports=jdk.compiler/com.sun.tools.javac.api=ALL-UNNAMED --add-exports=jdk.compiler/com.sun.tools.javac.util=ALL-UNNAMED --add-opens=java.base/java.util=ALL-UNNAMED --add-opens=java.prefs/java.util.prefs=ALL-UNNAMED --add-opens=java.base/java.nio.charset=ALL-UNNAMED --add-opens=java.base/java.net=ALL-UNNAMED --add-opens=java.base/java.util.concurrent.atomic=ALL-UNNAMED --add-opens=java.xml/javax.xml.namespace=ALL-UNNAMED -XX:MaxMetaspaceSize=384m -XX:+HeapDumpOnOutOfMemoryError -Xms256m -Xmx512m -Dfile.encoding=UTF-8 -Duser.country=US -Duser.language=en -Duser.variant -javaagent:C:\Users\great\.gradle\wrapper\dists\gradle-8.13-bin\5xuhj0ry160q40clulazy9h7d\gradle-8.13\lib\agents\gradle-instrumentation-agent-8.13.jar 
java_command: org.gradle.launcher.daemon.bootstrap.GradleDaemon 8.13
java_class_path (initial): C:\Users\great\.gradle\wrapper\dists\gradle-8.13-bin\5xuhj0ry160q40clulazy9h7d\gradle-8.13\lib\gradle-daemon-main-8.13.jar
Launcher Type: SUN_STANDARD

[Global flags]
     intx CICompilerCount                          = 12                                        {product} {ergonomic}
   size_t CompressedClassSpaceSize                 = 335544320                                 {product} {ergonomic}
     uint ConcGCThreads                            = 3                                         {product} {ergonomic}
     uint G1ConcRefinementThreads                  = 13                                        {product} {ergonomic}
   size_t G1HeapRegionSize                         = 1048576                                   {product} {ergonomic}
    uintx GCDrainStackTargetSize                   = 64                                        {product} {ergonomic}
     bool HeapDumpOnOutOfMemoryError               = true                                   {manageable} {command line}
   size_t InitialHeapSize                          = 268435456                                 {product} {command line}
   size_t MarkStackSize                            = 4194304                                   {product} {ergonomic}
   size_t MaxHeapSize                              = 536870912                                 {product} {command line}
   size_t MaxMetaspaceSize                         = 402653184                                 {product} {command line}
   size_t MaxNewSize                               = 321912832                                 {product} {ergonomic}
   size_t MinHeapDeltaBytes                        = 1048576                                   {product} {ergonomic}
   size_t MinHeapSize                              = 268435456                                 {product} {command line}
    uintx NonNMethodCodeHeapSize                   = 7602480                                {pd product} {ergonomic}
    uintx NonProfiledCodeHeapSize                  = 122027880                              {pd product} {ergonomic}
    uintx ProfiledCodeHeapSize                     = 122027880                              {pd product} {ergonomic}
    uintx ReservedCodeCacheSize                    = 251658240                              {pd product} {ergonomic}
     bool SegmentedCodeCache                       = true                                      {product} {ergonomic}
   size_t SoftMaxHeapSize                          = 536870912                              {manageable} {ergonomic}
     bool UseCompressedOops                        = true                           {product lp64_product} {ergonomic}
     bool UseG1GC                                  = true                                      {product} {ergonomic}
     bool UseLargePagesIndividualAllocation        = false                                  {pd product} {ergonomic}

Logging:
Log output configuration:
 #0: stdout all=warning uptime,level,tags foldmultilines=false
 #1: stderr all=off uptime,level,tags foldmultilines=false

Environment Variables:
PATH=C:\Program Files\Oculus\Support\oculus-runtime;C:\Program Files\PlasticSCM5\server;C:\Program Files\PlasticSCM5\client;C:\WINDOWS\system32;C:\WINDOWS;C:\WINDOWS\System32\Wbem;C:\WINDOWS\System32\WindowsPowerShell\v1.0\;C:\WINDOWS\System32\OpenSSH\;C:\Program Files (x86)\NVIDIA Corporation\PhysX\Common;C:\Program Files\dotnet\;C:\Program Files\Git\cmd;C:\Program Files\Git LFS;%NVM_HOME%;C:\Program Files\nodejs;C:\Program Files (x86)\dotnet\;C:\Program Files\NVIDIA Corporation\NVIDIA app\NvDLISR;C:\Program Files\Tailscale\;C:\WINDOWS\system32;C:\WINDOWS;C:\WINDOWS\System32\Wbem;C:\WINDOWS\System32\WindowsPowerShell\v1.0\;C:\WINDOWS\System32\OpenSSH\;C:\Users\great\AppData\Local\Programs\Python\Python313\Scripts\;C:\Users\great\AppData\Local\Programs\Python\Python313\;C:\Users\great\AppData\Local\Programs\Python\Launcher\;C:\Users\great\AppData\Local\Microsoft\WindowsApps;%NVM_HOME%;C:\Program Files\nodejs;C:\Users\great\.dotnet\tools;
USERNAME=great
OS=Windows_NT
PROCESSOR_IDENTIFIER=AMD64 Family 25 Model 97 Stepping 2, AuthenticAMD
TMP=C:\Users\great\AppData\Local\Temp
TEMP=C:\Users\great\AppData\Local\Temp




Periodic native trim disabled

JNI global refs:
JNI global refs: 42, weak refs: 45

JNI global refs memory usage: 1467, weak refs: 4625

Process memory usage:
Resident Set Size: 1098276K (3% of 32629152K total physical memory with 11488636K free physical memory)

OOME stack traces (most recent first):
Classloader memory used:
Loader org.gradle.internal.classloader.VisitableURLClassLoader$InstrumentingVisitableURLClassLoader: 66798K
Loader org.gradle.internal.classloader.VisitableURLClassLoader                         : 54577K
Loader bootstrap                                                                       : 36062K
Loader org.gradle.initialization.MixInLegacyTypesClassLoader                           : 14296K
Loader org.gradle.internal.classloader.VisitableURLClassLoader                         : 8588K
Loader jdk.internal.loader.ClassLoaders$PlatformClassLoader                            : 854K
Loader org.gradle.groovy.scripts.internal.DefaultScriptCompilationHandler$ScriptClassLoader: 349K
Loader jdk.internal.loader.ClassLoaders$AppClassLoader                                 : 235K
Loader jdk.internal.reflect.DelegatingClassLoader                                      : 137K
Loader org.codehaus.groovy.runtime.callsite.CallSiteClassLoader                        : 3568B

Classes loaded by more than one classloader:
Class com.google.common.collect.Iterables                                             : loaded 3 times (x 67B)
Class com.google.common.collect.ForwardingCollection                                  : loaded 3 times (x 126B)
Class com.google.common.collect.RegularImmutableSet                                   : loaded 3 times (x 145B)
Class com.google.common.collect.Iterators$MergingIterator                             : loaded 3 times (x 77B)
Class com.google.common.collect.ImmutableList$SubList                                 : loaded 3 times (x 205B)
Class com.google.common.collect.ForwardingObject                                      : loaded 3 times (x 68B)
Class com.google.common.collect.RegularImmutableMap$KeySet                            : loaded 3 times (x 148B)
Class com.google.common.collect.ImmutableSet$SetBuilderImpl                           : loaded 3 times (x 72B)
Class com.google.common.collect.ComparisonChain$InactiveComparisonChain               : loaded 3 times (x 76B)
Class com.google.common.collect.ImmutableList                                         : loaded 3 times (x 202B)
Class com.google.common.collect.ReverseOrdering                                       : loaded 3 times (x 111B)
Class com.google.common.collect.ImmutableSet$Builder                                  : loaded 3 times (x 81B)
Class com.google.common.base.CharMatcher$InRange                                      : loaded 3 times (x 107B)
Class com.google.common.collect.SetMultimap                                           : loaded 3 times (x 66B)
Class com.google.common.collect.ImmutableMapEntrySet$RegularEntrySet                  : loaded 3 times (x 148B)
Class com.google.common.collect.RangeSet                                              : loaded 3 times (x 66B)
Class com.google.common.base.CharMatcher$NamedFastMatcher                             : loaded 3 times (x 108B)
Class com.google.common.base.CharMatcher$1                                            : loaded 3 times (x 109B)
Class com.google.common.base.Joiner$2                                                 : loaded 3 times (x 75B)
Class com.google.common.collect.RangeGwtSerializationDependencies                     : loaded 3 times (x 67B)
Class com.google.common.collect.PeekingIterator                                       : loaded 3 times (x 66B)
Class com.google.common.base.CharMatcher$IsEither                                     : loaded 3 times (x 107B)
Class com.google.common.base.CharMatcher                                              : loaded 3 times (x 107B)
Class com.google.common.base.Joiner$1                                                 : loaded 3 times (x 76B)
Class com.google.common.collect.ByFunctionOrdering                                    : loaded 3 times (x 111B)
Class com.google.common.collect.ImmutableSetMultimap                                  : loaded 3 times (x 176B)
Class com.google.common.base.Preconditions                                            : loaded 3 times (x 67B)
Class com.google.common.base.CharMatcher$Negated                                      : loaded 3 times (x 109B)
Class com.google.common.base.CharMatcher$Is                                           : loaded 3 times (x 107B)
Class com.google.common.collect.RegularImmutableMap$BucketOverflowException           : loaded 3 times (x 78B)
Class com.google.common.collect.ImmutableSet$RegularSetBuilderImpl                    : loaded 3 times (x 73B)
Class com.google.common.collect.ImmutableRangeSet$ComplementRanges                    : loaded 3 times (x 203B)
Class org.gradle.internal.IoActions                                                   : loaded 3 times (x 67B)
Class com.google.common.collect.NullsLastOrdering                                     : loaded 3 times (x 111B)
Class org.gradle.api.GradleException                                                  : loaded 3 times (x 78B)
Class com.google.common.collect.ImmutableEntry                                        : loaded 3 times (x 78B)
Class com.google.common.collect.ImmutableList$1                                       : loaded 3 times (x 93B)
Class [Lcom.google.common.collect.AbstractMapEntry;                                   : loaded 3 times (x 65B)
Class com.google.common.base.CharMatcher$NegatedFastMatcher                           : loaded 3 times (x 109B)
Class com.google.common.collect.AbstractRangeSet                                      : loaded 3 times (x 110B)
Class com.google.common.collect.ImmutableMap                                          : loaded 3 times (x 116B)
Class com.google.common.base.Predicate                                                : loaded 3 times (x 66B)
Class com.google.common.base.CharMatcher$FastMatcher                                  : loaded 3 times (x 107B)
Class org.gradle.internal.Cast                                                        : loaded 3 times (x 67B)
Class org.gradle.api.Action                                                           : loaded 3 times (x 66B)
Class com.google.common.collect.ImmutableList$SerializedForm                          : loaded 3 times (x 69B)
Class com.google.common.base.CharMatcher$Or                                           : loaded 3 times (x 108B)
Class com.google.common.collect.ImmutableSet                                          : loaded 3 times (x 141B)
Class com.google.common.collect.RegularImmutableMap                                   : loaded 3 times (x 117B)
Class com.google.common.collect.ImmutableMap$MapViewOfValuesAsSingletonSets           : loaded 3 times (x 122B)
Class com.google.common.collect.RegularImmutableMap$Values                            : loaded 3 times (x 203B)
Class com.google.common.base.CharMatcher$BitSetMatcher                                : loaded 3 times (x 108B)
Class com.google.common.collect.ImmutableRangeSet$Builder                             : loaded 3 times (x 73B)
Class com.google.common.collect.CompoundOrdering                                      : loaded 3 times (x 111B)
Class [Lcom.google.common.collect.ImmutableEntry;                                     : loaded 3 times (x 65B)
Class com.google.common.collect.ComparisonChain                                       : loaded 3 times (x 76B)
Class com.google.common.collect.RegularImmutableList                                  : loaded 3 times (x 209B)
Class com.google.common.collect.ImmutableMapEntry$NonTerminalImmutableMapEntry        : loaded 3 times (x 81B)
Class com.google.common.base.Function                                                 : loaded 3 times (x 66B)
Class com.google.common.collect.ImmutableMultimap                                     : loaded 3 times (x 143B)
Class com.google.common.collect.ImmutableMapEntry                                     : loaded 3 times (x 81B)
Class com.google.common.collect.RegularImmutableSortedSet                             : loaded 3 times (x 296B)
Class com.google.common.collect.UnmodifiableListIterator                              : loaded 3 times (x 91B)
Class com.google.common.base.CharMatcher$IsNot                                        : loaded 3 times (x 107B)
Class com.google.common.collect.LexicographicalOrdering                               : loaded 3 times (x 111B)
Class com.google.common.collect.ImmutableSortedSet                                    : loaded 3 times (x 296B)
Class com.google.common.collect.UsingToStringOrdering                                 : loaded 3 times (x 110B)
Class com.google.common.collect.ImmutableAsList                                       : loaded 3 times (x 205B)
Class com.google.common.collect.Iterators$9                                           : loaded 3 times (x 77B)
Class com.google.common.collect.ImmutableSet$CachingAsList                            : loaded 3 times (x 144B)
Class com.google.common.collect.Lists                                                 : loaded 3 times (x 67B)
Class com.google.common.collect.ImmutableCollection                                   : loaded 3 times (x 121B)
Class com.google.common.base.CharMatcher$AnyOf                                        : loaded 3 times (x 108B)
Class com.google.common.base.CharMatcher$ForPredicate                                 : loaded 3 times (x 108B)
Class com.google.common.collect.Iterators$5                                           : loaded 3 times (x 78B)
Class com.google.common.collect.ImmutableBiMap                                        : loaded 3 times (x 139B)
Class com.google.common.collect.Iterators$4                                           : loaded 3 times (x 78B)
Class com.google.common.collect.SortedIterable                                        : loaded 3 times (x 66B)
Class com.google.common.collect.ImmutableMap$IteratorBasedImmutableMap                : loaded 3 times (x 122B)
Class com.google.common.collect.SingletonImmutableSet                                 : loaded 3 times (x 142B)
Class com.google.common.collect.Iterators$1                                           : loaded 3 times (x 77B)
Class com.google.common.collect.ImmutableList$ReverseImmutableList                    : loaded 3 times (x 205B)
Class org.gradle.api.UncheckedIOException                                             : loaded 3 times (x 78B)
Class com.google.common.collect.ReverseNaturalOrdering                                : loaded 3 times (x 110B)
Class com.google.common.collect.SingletonImmutableList                                : loaded 3 times (x 203B)
Class com.google.common.collect.Multimap                                              : loaded 3 times (x 66B)
Class com.google.common.collect.ImmutableMap$Builder                                  : loaded 3 times (x 78B)
Class com.google.common.collect.ImmutableMapEntrySet                                  : loaded 3 times (x 148B)
Class com.google.common.collect.AbstractIndexedListIterator                           : loaded 3 times (x 92B)
Class com.google.common.collect.ObjectArrays                                          : loaded 3 times (x 67B)
Class com.google.common.collect.Ordering                                              : loaded 3 times (x 110B)
Class [Lcom.google.common.collect.ImmutableMapEntry;                                  : loaded 3 times (x 65B)
Class com.google.common.collect.AbstractIterator                                      : loaded 3 times (x 78B)
Class com.google.common.collect.NullsFirstOrdering                                    : loaded 3 times (x 111B)
Class com.google.common.collect.BiMap                                                 : loaded 3 times (x 66B)
Class com.google.common.collect.ImmutableMap$1                                        : loaded 3 times (x 77B)
Class com.google.common.collect.IndexedImmutableSet                                   : loaded 3 times (x 148B)
Class com.google.common.base.CharMatcher$And                                          : loaded 3 times (x 108B)
Class com.google.common.collect.ImmutableRangeSet                                     : loaded 3 times (x 111B)
Class com.google.common.collect.Lists$StringAsImmutableList                           : loaded 3 times (x 203B)
Class com.google.common.collect.ExplicitOrdering                                      : loaded 3 times (x 111B)
Class com.google.common.collect.Iterators                                             : loaded 3 times (x 67B)
Class com.google.common.collect.Range                                                 : loaded 3 times (x 83B)
Class com.google.common.collect.RegularImmutableAsList                                : loaded 3 times (x 213B)
Class com.google.common.collect.ImmutableRangeSet$1                                   : loaded 3 times (x 206B)
Class com.google.common.collect.AbstractMultimap                                      : loaded 3 times (x 119B)
Class com.google.common.collect.ImmutableList$Builder                                 : loaded 3 times (x 73B)
Class com.google.common.collect.AbstractMapEntry                                      : loaded 3 times (x 77B)
Class com.google.common.collect.UnmodifiableIterator                                  : loaded 3 times (x 76B)
Class com.google.common.collect.Platform                                              : loaded 3 times (x 67B)
Class com.google.common.base.Joiner                                                   : loaded 3 times (x 75B)
Class com.google.common.collect.ComparatorOrdering                                    : loaded 3 times (x 111B)
Class com.google.common.collect.BaseImmutableMultimap                                 : loaded 3 times (x 119B)
Class com.google.common.collect.ImmutableCollection$Builder                           : loaded 3 times (x 72B)
Class com.google.common.collect.Iterators$ArrayItr                                    : loaded 3 times (x 93B)
Class com.google.common.collect.ImmutableRangeSet$AsSet                               : loaded 3 times (x 296B)
Class com.google.common.collect.AllEqualOrdering                                      : loaded 3 times (x 110B)
Class com.google.common.collect.ComparisonChain$1                                     : loaded 3 times (x 77B)
Class com.google.common.collect.NaturalOrdering                                       : loaded 3 times (x 111B)
Class org.jetbrains.kotlin.idea.gradleTooling.model.allopen.AllOpenModel              : loaded 2 times (x 66B)
Class com.google.common.collect.Iterators$PeekingImpl                                 : loaded 2 times (x 85B)
Class org.gradle.api.internal.DefaultClassPathProvider                                : loaded 2 times (x 72B)
Class com.google.common.collect.Maps$ViewCachingAbstractMap                           : loaded 2 times (x 121B)
Class com.google.common.hash.HashCode$BytesHashCode                                   : loaded 2 times (x 77B)
Class org.gradle.internal.impldep.gnu.trove.TObjectIntHashMap                         : loaded 2 times (x 105B)
Class com.android.builder.model.v2.models.BasicAndroidProject                         : loaded 2 times (x 66B)
Class com.google.common.collect.Sets$2                                                : loaded 2 times (x 135B)
Class com.amazon.ion.impl._Private_RecyclingStack$$Iterator                           : loaded 2 times (x 95B)
Class com.amazon.ion.impl.SharedSymbolTable                                           : loaded 2 times (x 89B)
Class com.amazon.ion.impl.bin.IonRawBinaryWriter                                      : loaded 2 times (x 165B)
Class com.amazon.ion.SymbolToken                                                      : loaded 2 times (x 66B)
Class kotlin.text.StringsKt__StringNumberConversionsJVMKt                             : loaded 2 times (x 67B)
Class kotlin.text.MatchResult                                                         : loaded 2 times (x 66B)
Class kotlin.sequences.SequenceScope                                                  : loaded 2 times (x 69B)
Class kotlin.sequences.Sequence                                                       : loaded 2 times (x 66B)
Class org.gradle.tooling.ToolingModelContract                                         : loaded 2 times (x 66B)
Class [Lorg.gradle.api.internal.ClassPathProvider;                                    : loaded 2 times (x 65B)
Class org.gradle.api.internal.ClassPathProvider                                       : loaded 2 times (x 66B)
Class com.google.common.base.AbstractIterator$State                                   : loaded 2 times (x 75B)
Class [Lorg.objectweb.asm.AnnotationVisitor;                                          : loaded 2 times (x 65B)
Class com.google.common.collect.Sets$3                                                : loaded 2 times (x 135B)
Class com.google.common.util.concurrent.AbstractFuture$SafeAtomicHelper               : loaded 2 times (x 75B)
Class com.google.common.cache.LocalCache$LocalLoadingCache                            : loaded 2 times (x 130B)
Class com.amazon.ion.impl.lite.IonBoolLite                                            : loaded 2 times (x 174B)
Class org.gradle.internal.impldep.gnu.trove.TObjectHash$NULL                          : loaded 2 times (x 67B)
Class kotlin.collections.CollectionsKt___CollectionsKt$asSequence$$inlined$Sequence$1 : loaded 2 times (x 71B)
Class org.gradle.internal.service.UnknownServiceException                             : loaded 2 times (x 79B)
Class com.google.common.io.ByteArrayDataInput                                         : loaded 2 times (x 66B)
Class org.apache.http.message.BasicHeader                                             : loaded 2 times (x 78B)
Class com.google.common.hash.Hasher                                                   : loaded 2 times (x 66B)
Class com.google.common.collect.Sets$4                                                : loaded 2 times (x 135B)
Class org.objectweb.asm.ModuleVisitor                                                 : loaded 2 times (x 77B)
Class com.google.common.cache.LocalCache$Strength$1                                   : loaded 2 times (x 77B)
Class org.gradle.internal.impldep.gnu.trove.PrimeFinder                               : loaded 2 times (x 67B)
Class org.jetbrains.kotlin.idea.gradleTooling.model.kapt.KaptGradleModel              : loaded 2 times (x 66B)
Class org.jetbrains.kotlin.idea.gradleTooling.KotlinDslScriptAdditionalTask           : loaded 2 times (x 66B)
Class org.jetbrains.plugins.gradle.model.ClasspathEntryModel                          : loaded 2 times (x 66B)
Class [Lorg.apache.commons.compress.archivers.zip.ZipArchiveEntry$NameSource;         : loaded 2 times (x 65B)
Class com.google.common.util.concurrent.SettableFuture                                : loaded 2 times (x 110B)
Class com.google.common.cache.LocalCache$Strength$2                                   : loaded 2 times (x 77B)
Class com.amazon.ion.IonTimestamp                                                     : loaded 2 times (x 66B)
Class com.amazon.ion.impl.bin.PooledBlockAllocatorProvider$PooledBlockAllocator       : loaded 2 times (x 77B)
Class org.jetbrains.plugins.gradle.tooling.serialization.GradleExtensionsSerializationService: loaded 2 times (x 73B)
Class org.gradle.api.JavaVersion                                                      : loaded 2 times (x 75B)
Class org.gradle.tooling.model.Dependency                                             : loaded 2 times (x 66B)
Class com.google.common.collect.TransformedIterator                                   : loaded 2 times (x 76B)
Class com.google.common.base.Splitter$1                                               : loaded 2 times (x 73B)
Class org.objectweb.asm.Handle                                                        : loaded 2 times (x 68B)
Class com.google.common.io.ByteStreams                                                : loaded 2 times (x 67B)
Class com.android.builder.model.v2.ide.AbstractArtifact                               : loaded 2 times (x 66B)
Class com.intellij.gradle.toolingExtension.impl.model.buildScriptClasspathModel.GradleBuildScriptClasspathSerializationService$ReadContext: loaded 2 times (x 68B)
Class com.amazon.ion.impl._Private_IonContainer                                       : loaded 2 times (x 66B)
Class com.google.common.cache.LocalCache$Strength$3                                   : loaded 2 times (x 77B)
Class com.google.common.collect.MapDifference                                         : loaded 2 times (x 66B)
Class build_23zywj9nmx626hmozmrpemw23$_run_closure1$_closure2                         : loaded 2 times (x 135B)
Class com.amazon.ion.IonDatagram                                                      : loaded 2 times (x 66B)
Class com.amazon.ion.impl._Private_RecyclingStack$ElementFactory                      : loaded 2 times (x 66B)
Class com.amazon.ion.impl.bin.IonManagedBinaryWriter$ImportedSymbolResolverMode$1$1   : loaded 2 times (x 74B)
Class com.amazon.ion.impl._Private_ByteTransferSink                                   : loaded 2 times (x 66B)
Class com.intellij.openapi.externalSystem.model.project.dependencies.ResolutionState  : loaded 2 times (x 75B)
Class kotlin.text.StringsKt__RegexExtensionsJVMKt                                     : loaded 2 times (x 67B)
Class kotlin.collections.ArraysKt___ArraysJvmKt                                       : loaded 2 times (x 67B)
Class kotlin.collections.CollectionsKt__CollectionsKt                                 : loaded 2 times (x 67B)
Class org.objectweb.asm.tree.LdcInsnNode                                              : loaded 2 times (x 74B)
Class org.objectweb.asm.FieldWriter                                                   : loaded 2 times (x 74B)
Class com.google.common.cache.CacheBuilder$NullListener                               : loaded 2 times (x 78B)
Class org.jetbrains.plugins.gradle.model.ExternalLibraryDependency                    : loaded 2 times (x 66B)
Class kotlin.text.Regex$Companion                                                     : loaded 2 times (x 67B)
Class org.gradle.internal.classpath.TransformedClassPath                              : loaded 2 times (x 92B)
Class org.gradle.internal.classloader.InstrumentingClassLoader                        : loaded 2 times (x 66B)
Class com.google.common.collect.ImmutableListMultimap                                 : loaded 2 times (x 172B)
Class com.google.common.collect.Maps$IteratorBasedAbstractMap$1                       : loaded 2 times (x 134B)
Class com.amazon.ion.impl._Private_RecyclingQueue$ElementFactory                      : loaded 2 times (x 66B)
Class com.google.common.cache.CacheLoader$FunctionToCacheLoader                       : loaded 2 times (x 71B)
Class org.objectweb.asm.AnnotationVisitor                                             : loaded 2 times (x 74B)
Class com.google.common.collect.Sets$1                                                : loaded 2 times (x 135B)
Class com.amazon.ion.IonValue                                                         : loaded 2 times (x 66B)
Class kotlin.jvm.internal.FunctionReference                                           : loaded 2 times (x 118B)
Class [Lkotlin.coroutines.intrinsics.CoroutineSingletons;                             : loaded 2 times (x 65B)
Class kotlin.jvm.internal.FunctionBase                                                : loaded 2 times (x 66B)
Class kotlin.enums.EnumEntriesList                                                    : loaded 2 times (x 219B)
Class com.google.common.collect.EmptyImmutableListMultimap                            : loaded 2 times (x 172B)
Class com.android.ide.common.gradle.Numeric                                           : loaded 2 times (x 73B)
Class org.apache.commons.compress.archivers.zip.X000A_NTFS                            : loaded 2 times (x 96B)
Class com.google.common.base.MoreObjects                                              : loaded 2 times (x 67B)
Class com.amazon.ion.impl.bin.IonRawBinaryWriter$ContainerType                        : loaded 2 times (x 75B)
Class com.amazon.ion.impl._Private_IonTextWriterBuilder$Mutable                       : loaded 2 times (x 98B)
Class kotlin.comparisons.ComparisonsKt___ComparisonsJvmKt                             : loaded 2 times (x 67B)
Class kotlin.collections.CollectionsKt__IteratorsJVMKt                                : loaded 2 times (x 67B)
Class [Lorg.objectweb.asm.Attribute;                                                  : loaded 2 times (x 65B)
Class com.android.builder.model.v2.ide.TestInfo$Execution                             : loaded 2 times (x 75B)
Class com.google.common.base.Splitter                                                 : loaded 2 times (x 68B)
Class [Lorg.objectweb.asm.Type;                                                       : loaded 2 times (x 65B)
Class com.google.common.collect.ImmutableSet$SerializedForm                           : loaded 2 times (x 69B)
Class org.jetbrains.kotlin.idea.gradleTooling.KotlinSourceSetContainer                : loaded 2 times (x 66B)
Class org.jetbrains.plugins.gradle.model.IntelliJSettings                             : loaded 2 times (x 66B)
Class kotlin.Result                                                                   : loaded 2 times (x 68B)
Class org.gradle.internal.service.ServiceLocator                                      : loaded 2 times (x 66B)
Class org.objectweb.asm.tree.AnnotationNode                                           : loaded 2 times (x 76B)
Class com.google.common.collect.HashBiMap$BiEntry                                     : loaded 2 times (x 79B)
Class com.google.common.base.Ascii                                                    : loaded 2 times (x 67B)
Class com.google.common.collect.SingletonImmutableBiMap                               : loaded 2 times (x 139B)
Class com.google.common.cache.LocalCache$1                                            : loaded 2 times (x 85B)
Class com.google.common.collect.Iterators$SingletonIterator                           : loaded 2 times (x 77B)
Class org.gradle.tooling.internal.gradle.DefaultProjectIdentifier                     : loaded 2 times (x 82B)
Class com.amazon.ion.impl.IonWriterSystem                                             : loaded 2 times (x 167B)
Class com.amazon.ion.impl.bin.Symbols$2                                               : loaded 2 times (x 103B)
Class com.amazon.ion.impl.bin._Private_IonManagedWriter                               : loaded 2 times (x 66B)
Class org.jetbrains.kotlin.android.synthetic.idea.AndroidExtensionsGradleModel        : loaded 2 times (x 66B)
Class com.intellij.gradle.toolingExtension.util.GradleVersionUtil                     : loaded 2 times (x 67B)
Class com.android.ide.gradle.model.GradlePropertiesModel                              : loaded 2 times (x 66B)
Class kotlin.sequences.TransformingSequence$iterator$1                                : loaded 2 times (x 75B)
Class kotlin.Pair                                                                     : loaded 2 times (x 68B)
Class org.gradle.tooling.internal.adapter.ProtocolToModelAdapter$SupportedPropertyInvoker: loaded 2 times (x 72B)
Class org.gradle.tooling.model.UnsupportedMethodException                             : loaded 2 times (x 78B)
Class com.google.common.io.ByteSource$ByteArrayByteSource                             : loaded 2 times (x 81B)
Class com.android.builder.model.v2.ide.BytecodeTransformation                         : loaded 2 times (x 75B)
Class org.apache.commons.compress.archivers.ArchiveOutputStream                       : loaded 2 times (x 92B)
Class com.google.common.collect.AbstractSetMultimap                                   : loaded 2 times (x 170B)
Class com.google.common.collect.Sets$ImprovedAbstractSet                              : loaded 2 times (x 131B)
Class kotlin.text.StringsKt__AppendableKt                                             : loaded 2 times (x 67B)
Class com.amazon.ion.IonWriter                                                        : loaded 2 times (x 66B)
Class com.google.common.cache.LocalCache$2                                            : loaded 2 times (x 138B)
Class com.amazon.ion.impl.lite.IonContainerLite                                       : loaded 2 times (x 244B)
Class com.amazon.ion.IonBufferConfiguration$OversizedSymbolTableHandler               : loaded 2 times (x 66B)
Class com.amazon.ion.system.IonWriterBuilder                                          : loaded 2 times (x 70B)
Class org.jetbrains.plugins.gradle.tooling.serialization.ToolingStreamApiUtils        : loaded 2 times (x 67B)
Class com.amazon.ion.facet.Faceted                                                    : loaded 2 times (x 66B)
Class kotlin.collections.CollectionsKt__MutableCollectionsKt                          : loaded 2 times (x 67B)
Class com.android.builder.model.v2.ide.CodeShrinker                                   : loaded 2 times (x 75B)
Class com.google.common.hash.AbstractHashFunction                                     : loaded 2 times (x 91B)
Class com.amazon.ion.impl.bin._Private_IonRawWriter                                   : loaded 2 times (x 66B)
Class com.google.common.util.concurrent.AbstractFuture$UnsafeAtomicHelper$1           : loaded 2 times (x 72B)
Class com.amazon.ion.impl.bin.IonRawBinaryWriter$PreallocationMode                    : loaded 2 times (x 78B)
Class com.amazon.ion.impl.bin.utf8.Poolable                                           : loaded 2 times (x 75B)
Class com.amazon.ion.IonSymbol                                                        : loaded 2 times (x 66B)
Class org.jetbrains.plugins.gradle.tooling.serialization.AnnotationProcessingModelSerializationService$WriteContext: loaded 2 times (x 68B)
Class org.gradle.internal.impldep.gnu.trove.THash                                     : loaded 2 times (x 77B)
Class kotlin.io.TerminateException                                                    : loaded 2 times (x 78B)
Class kotlin.io.FilesKt__FilePathComponentsKt                                         : loaded 2 times (x 67B)
Class kotlin.reflect.KCallable                                                        : loaded 2 times (x 66B)
Class com.google.common.base.Optional                                                 : loaded 2 times (x 76B)
Class com.amazon.ion.impl.lite.IonSystemLite                                          : loaded 2 times (x 271B)
Class com.google.common.util.concurrent.AbstractFuture$Trusted                        : loaded 2 times (x 66B)
Class com.google.common.collect.ImmutableEnumMap                                      : loaded 2 times (x 122B)
Class com.amazon.ion.impl.lite.IonStructLite                                          : loaded 2 times (x 294B)
Class com.amazon.ion.impl._Private_ReaderWriter                                       : loaded 2 times (x 66B)
Class com.amazon.ion.impl.bin.AbstractSymbolTable                                     : loaded 2 times (x 103B)
Class com.amazon.ion.Decimal                                                          : loaded 2 times (x 129B)
Class com.amazon.ion.impl.bin._Private_IonManagedBinaryWriterBuilder$AllocatorMode$1  : loaded 2 times (x 76B)
Class org.jetbrains.plugins.gradle.tooling.serialization.ProjectDependenciesSerializationService$WriteContext: loaded 2 times (x 68B)
Class org.jetbrains.plugins.gradle.tooling.serialization.ProjectDependenciesSerializationService: loaded 2 times (x 73B)
Class com.intellij.compose.ide.plugin.gradleTooling.rt.ComposeResourcesModel          : loaded 2 times (x 66B)
Class kotlin.text.CharsKt                                                             : loaded 2 times (x 67B)
Class org.gradle.tooling.internal.adapter.CollectionMapper                            : loaded 2 times (x 69B)
Class build_eiisl36vwyyfkt55bpdkxpzxx                                                 : loaded 2 times (x 176B)
Class [Lcom.android.builder.model.v2.ide.LibraryType;                                 : loaded 2 times (x 65B)
Class com.android.builder.model.v2.ide.LibraryType                                    : loaded 2 times (x 75B)
Class com.google.common.io.ByteSink$AsCharSink                                        : loaded 2 times (x 76B)
Class org.apache.commons.compress.archivers.zip.GeneralPurposeBit                     : loaded 2 times (x 67B)
Class com.google.common.collect.ListMultimap                                          : loaded 2 times (x 66B)
Class com.android.builder.model.v2.models.AndroidDsl                                  : loaded 2 times (x 66B)
Class com.google.common.util.concurrent.UncheckedExecutionException                   : loaded 2 times (x 78B)
Class build_23zywj9nmx626hmozmrpemw23                                                 : loaded 2 times (x 176B)
Class com.amazon.ion.impl.lite.IonFloatLite                                           : loaded 2 times (x 182B)
Class com.amazon.ion.impl._Private_IonTextWriterBuilder                               : loaded 2 times (x 98B)
Class com.amazon.ion.impl.bin._Private_IonManagedBinaryWriterBuilder$AllocatorMode$2  : loaded 2 times (x 76B)
Class org.gradle.internal.impldep.gnu.trove.Equality                                  : loaded 2 times (x 66B)
Class org.apache.commons.compress.archivers.zip.X7875_NewUnix                         : loaded 2 times (x 88B)
Class org.jetbrains.plugins.gradle.ExternalDependencyId                               : loaded 2 times (x 66B)
Class com.amazon.ion.impl._Private_RecyclingStack                                     : loaded 2 times (x 75B)
Class com.amazon.ion.impl._Private_IonReaderBuilder                                   : loaded 2 times (x 91B)
Class com.amazon.ion.IonMutableCatalog                                                : loaded 2 times (x 66B)
Class com.intellij.gradle.toolingExtension.impl.model.buildScriptClasspathModel.GradleBuildScriptClasspathSerializationService$WriteContext: loaded 2 times (x 68B)
Class org.gradle.tooling.internal.adapter.ProtocolToModelAdapter                      : loaded 2 times (x 76B)
Class org.gradle.internal.InternalTransformer                                         : loaded 2 times (x 66B)
Class [Lcom.google.common.hash.ImmutableSupplier;                                     : loaded 2 times (x 65B)
Class org.objectweb.asm.ConstantDynamic                                               : loaded 2 times (x 68B)
Class com.android.builder.model.v2.ide.AndroidGradlePluginProjectFlags$BooleanFlag    : loaded 2 times (x 75B)
Class org.apache.commons.compress.archivers.zip.JarMarker                             : loaded 2 times (x 76B)
Class com.google.common.collect.HashMultimapGwtSerializationDependencies              : loaded 2 times (x 170B)
Class com.google.common.collect.AbstractMapBasedMultimap$KeySet$1                     : loaded 2 times (x 78B)
Class com.android.ide.common.gradle.Separator                                         : loaded 2 times (x 75B)
Class org.objectweb.asm.ClassWriter                                                   : loaded 2 times (x 102B)
Class com.google.common.cache.CacheLoader$UnsupportedLoadingOperationException        : loaded 2 times (x 78B)
Class org.objectweb.asm.tree.ClassNode                                                : loaded 2 times (x 87B)
Class org.gradle.internal.impldep.gnu.trove.TObjectCanonicalHashingStrategy           : loaded 2 times (x 76B)
Class kotlin.collections.MapsKt__MapsJVMKt                                            : loaded 2 times (x 67B)
Class kotlin.collections.EmptyList                                                    : loaded 2 times (x 170B)
Class org.gradle.internal.time.DefaultTimer                                           : loaded 2 times (x 76B)
Class org.gradle.internal.classloader.ClasspathUtil$1                                 : loaded 2 times (x 72B)
Class com.google.common.base.Objects                                                  : loaded 2 times (x 67B)
Class org.objectweb.asm.tree.LookupSwitchInsnNode                                     : loaded 2 times (x 74B)
Class org.apache.commons.compress.archivers.zip.ZipEncodingHelper                     : loaded 2 times (x 67B)
Class org.objectweb.asm.FieldVisitor                                                  : loaded 2 times (x 73B)
Class com.google.common.collect.CollectSpliterators$1WithCharacteristics              : loaded 2 times (x 86B)
Class org.gradle.api.internal.classpath.EffectiveClassPath                            : loaded 2 times (x 86B)
Class kotlin.sequences.SequencesKt___SequencesKt$flatMap$2                            : loaded 2 times (x 121B)
Class com.amazon.ion.impl.bin.PooledBlockAllocatorProvider$PooledBlockAllocator$1     : loaded 2 times (x 75B)
Class com.amazon.ion.impl.lite.IonStringLite                                          : loaded 2 times (x 208B)
Class org.gradle.tooling.internal.adapter.ProtocolToModelAdapter$ViewKey              : loaded 2 times (x 68B)
Class org.gradle.api.internal.classpath.DefaultModuleRegistry$DefaultModule           : loaded 2 times (x 82B)
Class com.google.common.base.Absent                                                   : loaded 2 times (x 76B)
Class org.jetbrains.plugins.gradle.tooling.serialization.internal.IdeaProjectSerializationService: loaded 2 times (x 73B)
Class com.android.builder.model.v2.CustomSourceDirectory                              : loaded 2 times (x 66B)
Class com.google.common.primitives.Ints                                               : loaded 2 times (x 67B)
Class com.android.ide.common.repository.AgpVersion                                    : loaded 2 times (x 71B)
Class [Lcom.android.ide.common.repository.AgpVersion$PreviewKind;                     : loaded 2 times (x 65B)
Class com.amazon.ion.impl.bin.Block                                                   : loaded 2 times (x 75B)
Class org.jetbrains.kotlin.idea.gradleTooling.model.lombok.LombokModel                : loaded 2 times (x 66B)
Class kotlin.ResultKt                                                                 : loaded 2 times (x 67B)
Class org.gradle.tooling.internal.adapter.ProtocolToModelAdapter$PropertyCachingMethodInvoker: loaded 2 times (x 72B)
Class com.android.builder.model.v2.models.ProjectSyncIssues                           : loaded 2 times (x 66B)
Class org.apache.commons.compress.archivers.zip.ZipUtil                               : loaded 2 times (x 67B)
Class com.google.common.collect.Multiset                                              : loaded 2 times (x 66B)
Class com.google.common.collect.ArrayListMultimapGwtSerializationDependencies         : loaded 2 times (x 168B)
Class org.gradle.internal.classloader.ClassLoaderVisitor                              : loaded 2 times (x 72B)
Class com.google.common.math.MathPreconditions                                        : loaded 2 times (x 67B)
Class org.jetbrains.plugins.gradle.model.ExternalTask                                 : loaded 2 times (x 66B)
Class com.amazon.ion.impl.bin.utf8.Utf8StringEncoderPool$1                            : loaded 2 times (x 72B)
Class com.amazon.ion.impl.lite.IonLoaderLite                                          : loaded 2 times (x 78B)
Class com.amazon.ion.impl.lite.IonContext                                             : loaded 2 times (x 66B)
Class com.amazon.ion.impl.IonWriterSystemText                                         : loaded 2 times (x 186B)
Class [Lcom.amazon.ion.impl.bin.IonManagedBinaryWriter$ImportedSymbolResolverMode;    : loaded 2 times (x 65B)
Class com.amazon.ion.ValueFactory                                                     : loaded 2 times (x 66B)
Class kotlin.collections.ArraysKt__ArraysKt                                           : loaded 2 times (x 67B)
Class kotlin.Result$Failure                                                           : loaded 2 times (x 68B)
Class org.gradle.internal.time.DefaultCountdownTimer                                  : loaded 2 times (x 84B)
Class org.apache.commons.compress.archivers.EntryStreamOffsets                        : loaded 2 times (x 66B)
Class kotlin.collections.AbstractList$Companion                                       : loaded 2 times (x 67B)
Class com.amazon.ion.impl._Private_IonReaderBuilder$TwoElementSequenceInputStream     : loaded 2 times (x 88B)
Class com.amazon.ion.impl.bin.IonManagedBinaryWriter$SymbolResolver                   : loaded 2 times (x 66B)
Class com.amazon.ion.impl._Private_SymbolToken                                        : loaded 2 times (x 66B)
Class com.amazon.ion.impl.bin._Private_IonManagedBinaryWriterBuilder$AllocatorMode    : loaded 2 times (x 76B)
Class org.jetbrains.plugins.gradle.tooling.util.ObjectCollector                       : loaded 2 times (x 68B)
Class org.jetbrains.plugins.gradle.model.GradleTaskModel                              : loaded 2 times (x 66B)
Class kotlin.collections.SetsKt__SetsJVMKt                                            : loaded 2 times (x 67B)
Class org.gradle.tooling.internal.adapter.ProtocolToModelAdapter$AdaptingMethodInvoker: loaded 2 times (x 72B)
Class org.gradle.tooling.internal.gradle.DefaultBuildIdentifier                       : loaded 2 times (x 75B)
Class kotlin.Function                                                                 : loaded 2 times (x 66B)
Class org.gradle.api.internal.classpath.Module                                        : loaded 2 times (x 66B)
Class org.apache.commons.compress.archivers.zip.X0014_X509Certificates                : loaded 2 times (x 86B)
Class com.google.common.cache.Weigher                                                 : loaded 2 times (x 66B)
Class com.amazon.ion.impl._Private_IonReaderBuilder$Mutable                           : loaded 2 times (x 91B)
Class com.intellij.openapi.externalSystem.model.project.IExternalSystemSourceType     : loaded 2 times (x 66B)
Class kotlin.io.FileAlreadyExistsException                                            : loaded 2 times (x 78B)
Class kotlin.internal.ProgressionUtilKt                                               : loaded 2 times (x 67B)
Class org.gradle.api.internal.classpath.UnknownModuleException                        : loaded 2 times (x 78B)
Class org.apache.commons.compress.archivers.ArchiveEntry                              : loaded 2 times (x 66B)
Class com.google.common.base.Stopwatch                                                : loaded 2 times (x 68B)
Class com.google.common.cache.LocalCache$Strength                                     : loaded 2 times (x 77B)
Class com.google.common.cache.Cache                                                   : loaded 2 times (x 66B)
Class com.google.gson.stream.JsonReader$1                                             : loaded 2 times (x 68B)
Class org.jetbrains.plugins.gradle.tooling.serialization.ProjectDependenciesSerializationService$ReadContext: loaded 2 times (x 68B)
Class org.gradle.internal.impldep.gnu.trove.TObjectIdentityHashingStrategy            : loaded 2 times (x 74B)
Class com.intellij.openapi.externalSystem.model.project.dependencies.ProjectDependencies: loaded 2 times (x 66B)
Class com.google.common.base.NullnessCasts                                            : loaded 2 times (x 67B)
Class com.google.common.io.Files$2                                                    : loaded 2 times (x 72B)
Class org.apache.commons.compress.archivers.zip.UnicodePathExtraField                 : loaded 2 times (x 89B)
Class com.google.common.io.AppendableWriter                                           : loaded 2 times (x 96B)
Class com.google.common.util.concurrent.AbstractFuture$Cancellation                   : loaded 2 times (x 68B)
Class kotlin.sequences.SequencesKt___SequencesKt                                      : loaded 2 times (x 67B)
Class com.google.common.base.Present                                                  : loaded 2 times (x 77B)
Class org.objectweb.asm.tree.FrameNode                                                : loaded 2 times (x 75B)
Class org.objectweb.asm.tree.LineNumberNode                                           : loaded 2 times (x 75B)
Class org.apache.commons.compress.archivers.zip.ZipLong                               : loaded 2 times (x 67B)
Class com.google.common.collect.AbstractMapBasedMultimap$WrappedCollection$WrappedIterator: loaded 2 times (x 80B)
Class com.google.common.cache.RemovalListener                                         : loaded 2 times (x 66B)
Class com.amazon.ion.IonBufferConfiguration                                           : loaded 2 times (x 69B)
Class com.amazon.ion.impl.bin.Symbols                                                 : loaded 2 times (x 67B)
Class org.jetbrains.plugins.gradle.tooling.serialization.RepositoriesModelSerializationService: loaded 2 times (x 78B)
Class com.android.ide.gradle.model.artifacts.AdditionalClassifierArtifactsModel       : loaded 2 times (x 66B)
Class org.gradle.tooling.internal.gradle.GradleProjectIdentity                        : loaded 2 times (x 66B)
Class org.gradle.api.internal.DefaultClassPathRegistry                                : loaded 2 times (x 72B)
Class com.google.common.collect.ImmutableMultimap$Keys                                : loaded 2 times (x 162B)
Class com.android.builder.model.v2.ide.JavaArtifact                                   : loaded 2 times (x 66B)
Class com.google.common.primitives.IntsMethodsForWeb                                  : loaded 2 times (x 67B)
Class kotlin.text.MatcherMatchResult$groupValues$1                                    : loaded 2 times (x 194B)
Class [Lcom.amazon.ion.impl.bin.AbstractIonWriter$WriteValueOptimization;             : loaded 2 times (x 65B)
Class org.jetbrains.plugins.gradle.tooling.serialization.RepositoriesModelSerializationService$ReadContext: loaded 2 times (x 68B)
Class kotlin.ranges.ClosedRange                                                       : loaded 2 times (x 66B)
Class org.gradle.api.internal.ClassPathRegistry                                       : loaded 2 times (x 66B)
Class org.gradle.internal.classpath.DefaultClassPath$ImmutableUniqueList              : loaded 2 times (x 195B)
Class com.google.common.base.ExtraObjectsMethodsForWeb                                : loaded 2 times (x 67B)
Class org.apache.commons.compress.archivers.zip.ZipShort                              : loaded 2 times (x 67B)
Class com.amazon.ion.impl.bin.IonManagedBinaryWriter$UserState                        : loaded 2 times (x 81B)
Class org.jetbrains.plugins.gradle.tooling.serialization.internal.adapter.InternalBuildIdentifier: loaded 2 times (x 71B)
Class com.amazon.ion.impl._Private_IonWriter                                          : loaded 2 times (x 66B)
Class com.amazon.ion.impl.bin._Private_IonManagedBinaryWriterBuilder                  : loaded 2 times (x 68B)
Class com.intellij.gradle.toolingExtension.impl.model.projectModel.GradleExternalProjectSerializationService$WriteContext: loaded 2 times (x 69B)
Class kotlin.text.StringsKt__StringsJVMKt                                             : loaded 2 times (x 67B)
Class com.google.common.collect.NullnessCasts                                         : loaded 2 times (x 67B)
Class com.google.common.io.ByteSink                                                   : loaded 2 times (x 72B)
Class com.android.builder.model.v2.dsl.SigningConfig                                  : loaded 2 times (x 66B)
Class org.objectweb.asm.tree.UnsupportedClassVersionException                         : loaded 2 times (x 78B)
Class com.android.builder.model.v2.models.AndroidProject                              : loaded 2 times (x 66B)
Class com.android.builder.model.v2.AndroidModel                                       : loaded 2 times (x 66B)
Class com.google.common.cache.CacheBuilder                                            : loaded 2 times (x 68B)
Class com.amazon.ion.impl.bin.IonManagedBinaryWriter$ImportedSymbolResolverMode$2     : loaded 2 times (x 76B)
Class [Lcom.amazon.ion.SymbolToken;                                                   : loaded 2 times (x 65B)
Class kotlin.text.StringsKt__IndentKt                                                 : loaded 2 times (x 67B)
Class kotlin.collections.SetsKt                                                       : loaded 2 times (x 67B)
Class com.google.common.hash.AbstractHasher                                           : loaded 2 times (x 138B)
Class org.gradle.internal.classpath.ClassPath                                         : loaded 2 times (x 66B)
Class sync_studio_tooling3_q43nyhy4vdroc1cycwjw9rb9                                   : loaded 2 times (x 175B)
Class com.google.common.io.Files$FileByteSource                                       : loaded 2 times (x 81B)
Class org.objectweb.asm.tree.IincInsnNode                                             : loaded 2 times (x 74B)
Class org.apache.commons.compress.archivers.zip.UnsupportedZipFeatureException        : loaded 2 times (x 80B)
Class [Lorg.apache.http.HeaderElement;                                                : loaded 2 times (x 65B)
Class com.google.common.base.JdkPattern                                               : loaded 2 times (x 71B)
Class org.apache.commons.compress.archivers.zip.ZipArchiveOutputStream                : loaded 2 times (x 112B)
Class org.jetbrains.plugins.gradle.model.ExternalProjectDependency                    : loaded 2 times (x 66B)
Class org.jetbrains.plugins.gradle.tooling.serialization.KotlinDslScriptsModelSerializationService: loaded 2 times (x 77B)
Class kotlin.reflect.KFunction                                                        : loaded 2 times (x 66B)
Class kotlin.collections.ArrayDeque                                                   : loaded 2 times (x 203B)
Class org.objectweb.asm.tree.InnerClassNode                                           : loaded 2 times (x 69B)
Class org.objectweb.asm.tree.TypeInsnNode                                             : loaded 2 times (x 75B)
Class com.google.common.io.CharStreams$NullWriter                                     : loaded 2 times (x 95B)
Class org.objectweb.asm.SymbolTable$Entry                                             : loaded 2 times (x 70B)
Class com.google.common.util.concurrent.AbstractFuture$AtomicHelper                   : loaded 2 times (x 74B)
Class com.google.gson.internal.JsonReaderInternalAccess                               : loaded 2 times (x 68B)
Class com.amazon.ion.system.IonSystemBuilder$Mutable                                  : loaded 2 times (x 71B)
Class com.amazon.ion.impl.bin.IonManagedBinaryWriter$SymbolResolverBuilder            : loaded 2 times (x 66B)
Class org.jetbrains.plugins.gradle.tooling.serialization.ExternalTestsSerializationService$WriteContext: loaded 2 times (x 68B)
Class org.jetbrains.kotlin.idea.gradleTooling.KotlinGradleModel                       : loaded 2 times (x 66B)
Class kotlin.collections.MapsKt__MapsKt                                               : loaded 2 times (x 67B)
Class com.android.builder.model.v2.ide.Variant                                        : loaded 2 times (x 66B)
Class org.objectweb.asm.Edge                                                          : loaded 2 times (x 68B)
Class com.google.common.base.Suppliers$SupplierOfInstance                             : loaded 2 times (x 75B)
Class org.apache.commons.compress.archivers.zip.X0015_CertificateIdForFile            : loaded 2 times (x 89B)
Class com.amazon.ion.impl._Private_RecyclingStack$Recycler                            : loaded 2 times (x 66B)
Class com.amazon.ion.impl.bin.IonManagedBinaryWriter$LocalSymbolTableView             : loaded 2 times (x 103B)
Class com.amazon.ion.impl.bin.IonRawBinaryWriter$ThrowingRunnable                     : loaded 2 times (x 66B)
Class org.gradle.tooling.model.Model                                                  : loaded 2 times (x 66B)
Class com.android.builder.model.v2.ide.SyncIssue                                      : loaded 2 times (x 66B)
Class org.objectweb.asm.tree.LabelNode                                                : loaded 2 times (x 76B)
Class org.objectweb.asm.tree.RecordComponentNode                                      : loaded 2 times (x 75B)
Class org.apache.commons.compress.utils.ByteUtils                                     : loaded 2 times (x 67B)
Class com.google.common.cache.LocalCache$ComputingValueReference                      : loaded 2 times (x 92B)
Class com.google.common.base.CharMatcher$None                                         : loaded 2 times (x 108B)
Class com.google.common.io.ByteSource$ConcatenatedByteSource                          : loaded 2 times (x 81B)
Class com.amazon.ion.UnknownSymbolException                                           : loaded 2 times (x 82B)
Class com.android.ide.gradle.model.composites.BuildMap                                : loaded 2 times (x 66B)
Class kotlin.text.MatchResult$Destructured                                            : loaded 2 times (x 68B)
Class kotlin.Metadata                                                                 : loaded 2 times (x 66B)
Class kotlin.UninitializedPropertyAccessException                                     : loaded 2 times (x 78B)
Class com.google.common.collect.AbstractMapBasedMultimap$AsMap$AsMapEntries           : loaded 2 times (x 134B)
Class com.android.builder.model.v2.ide.Library                                        : loaded 2 times (x 66B)
Class org.objectweb.asm.TypePath                                                      : loaded 2 times (x 68B)
Class com.android.builder.model.v2.ide.ArtifactDependenciesAdjacencyList              : loaded 2 times (x 66B)
Class com.android.builder.model.v2.models.Versions                                    : loaded 2 times (x 66B)
Class com.google.common.cache.LocalCache$Segment                                      : loaded 2 times (x 150B)
Class org.jetbrains.kotlin.idea.gradleTooling.model.annotation.AnnotationBasedPluginModel: loaded 2 times (x 66B)
Class org.jetbrains.plugins.gradle.model.IntelliJProjectSettings                      : loaded 2 times (x 66B)
Class org.gradle.tooling.internal.adapter.ProtocolToModelAdapter$MethodInvocationCache: loaded 2 times (x 69B)
Class [Lcom.google.common.base.Supplier;                                              : loaded 2 times (x 65B)
Class org.gradle.internal.classloader.DefaultClassLoaderFactory                       : loaded 2 times (x 78B)
Class com.android.builder.model.v2.models.ndk.NativeModule                            : loaded 2 times (x 66B)
Class com.google.common.collect.AbstractListMultimap                                  : loaded 2 times (x 168B)
Class [Lorg.objectweb.asm.SymbolTable$Entry;                                          : loaded 2 times (x 65B)
Class com.google.common.cache.CacheLoader                                             : loaded 2 times (x 70B)
Class org.jetbrains.kotlin.idea.gradleTooling.model.noarg.NoArgModel                  : loaded 2 times (x 66B)
Class com.intellij.util.containers.IntObjectHashMap$ArrayProducer                     : loaded 2 times (x 66B)
Class org.jetbrains.plugins.gradle.model.ExternalDependency                           : loaded 2 times (x 66B)
Class com.intellij.util.containers.IntObjectHashMap                                   : loaded 2 times (x 68B)
Class org.gradle.internal.installation.GradleInstallation$1                           : loaded 2 times (x 71B)
Class org.gradle.api.internal.classpath.ModuleRegistry                                : loaded 2 times (x 66B)
Class com.google.common.base.Splitter$SplittingIterator                               : loaded 2 times (x 80B)
Class com.android.builder.model.v2.ide.PrivacySandboxSdkInfo                          : loaded 2 times (x 66B)
Class com.google.common.util.concurrent.internal.InternalFutureFailureAccess          : loaded 2 times (x 68B)
Class com.android.ide.common.repository.AgpVersion$PreviewKind$Companion              : loaded 2 times (x 67B)
Class com.amazon.ion.impl.bin.IonManagedBinaryWriter$ImportedSymbolResolverMode$1     : loaded 2 times (x 76B)
Class com.google.common.collect.ImmutableSet$JdkBackedSetBuilderImpl                  : loaded 2 times (x 72B)
Class com.amazon.ion.impl.bin.IonManagedBinaryWriter$SymbolState$1                    : loaded 2 times (x 76B)
Class com.amazon.ion.impl.LocalSymbolTableAsStruct$Factory                            : loaded 2 times (x 75B)
Class [Lcom.amazon.ion.IonType;                                                       : loaded 2 times (x 65B)
Class com.intellij.gradle.toolingExtension.impl.model.sourceSetDependencyModel.GradleSourceSetDependencySerialisationService$SourceSetDependencyModelReadContext: loaded 2 times (x 68B)
Class com.intellij.gradle.toolingExtension.impl.model.dependencyModel.DependencyReadContext: loaded 2 times (x 68B)
Class org.jetbrains.plugins.gradle.model.VersionCatalogsModel                         : loaded 2 times (x 66B)
Class org.gradle.tooling.internal.adapter.ObjectGraphAdapter                          : loaded 2 times (x 66B)
Class com.google.common.collect.ImmutableMultimap$Values                              : loaded 2 times (x 122B)
Class com.android.builder.model.v2.ide.Installation                                   : loaded 2 times (x 66B)
Class org.apache.commons.compress.archivers.zip.X0017_StrongEncryptionHeader          : loaded 2 times (x 92B)
Class com.google.common.collect.HashBiMap$Inverse                                     : loaded 2 times (x 138B)
Class com.google.common.util.concurrent.AbstractFuture$UnsafeAtomicHelper             : loaded 2 times (x 74B)
Class com.google.common.cache.LocalCache$LocalManualCache$1                           : loaded 2 times (x 71B)
Class com.amazon.ion.impl.lite.IonSymbolLite                                          : loaded 2 times (x 242B)
Class org.jetbrains.plugins.gradle.model.ExternalSourceSet                            : loaded 2 times (x 66B)
Class com.amazon.ion.impl.bin.IonManagedBinaryWriter$SymbolState$2                    : loaded 2 times (x 76B)
Class org.jetbrains.plugins.gradle.model.ProjectImportModelProvider                   : loaded 2 times (x 66B)
Class com.amazon.ion.IonNull                                                          : loaded 2 times (x 66B)
Class com.intellij.gradle.toolingExtension.impl.model.warmUp.GradleTaskWarmUpRequest  : loaded 2 times (x 66B)
Class com.google.common.collect.ImmutableSortedAsList                                 : loaded 2 times (x 217B)
Class kotlin.text.RegexKt                                                             : loaded 2 times (x 67B)
Class kotlin.coroutines.intrinsics.IntrinsicsKt__IntrinsicsKt                         : loaded 2 times (x 67B)
Class com.android.builder.model.v2.models.ModelBuilderParameter                       : loaded 2 times (x 66B)
Class org.apache.commons.compress.archivers.zip.ZipArchiveEntry                       : loaded 2 times (x 154B)
Class [Lcom.amazon.ion.impl.bin.IonRawBinaryWriter$StreamCloseMode;                   : loaded 2 times (x 65B)
Class org.jetbrains.kotlin.idea.gradleTooling.AndroidAwareGradleModelProvider$Companion: loaded 2 times (x 67B)
Class com.amazon.ion.impl.bin.IonRawBinaryWriter$ContainerInfo                        : loaded 2 times (x 70B)
Class com.amazon.ion.impl.bin.IonManagedBinaryWriter$SymbolState$3                    : loaded 2 times (x 76B)
Class com.amazon.ion.impl.bin.IonRawBinaryWriter$StreamFlushMode                      : loaded 2 times (x 75B)
Class com.amazon.ion.IonBinaryWriter                                                  : loaded 2 times (x 66B)
Class com.intellij.gradle.toolingExtension.impl.model.sourceSetArtifactIndex.GradleSourceSetArtifactBuildRequest: loaded 2 times (x 66B)
Class kotlin.io.FilesKt__UtilsKt                                                      : loaded 2 times (x 67B)
Class com.google.common.collect.Lists$TransformingRandomAccessList                    : loaded 2 times (x 195B)
Class kotlin.collections.CollectionsKt__CollectionsJVMKt                              : loaded 2 times (x 67B)
Class org.gradle.api.internal.classpath.DefaultModuleRegistry                         : loaded 2 times (x 82B)
Class com.google.common.hash.ChecksumHashFunction                                     : loaded 2 times (x 92B)
Class com.google.common.base.Suppliers                                                : loaded 2 times (x 67B)
Class com.google.common.util.concurrent.ListenableFuture                              : loaded 2 times (x 66B)
Class com.google.common.cache.ReferenceEntry                                          : loaded 2 times (x 66B)
Class com.google.common.base.Converter                                                : loaded 2 times (x 86B)
Class [Lcom.google.common.cache.CacheBuilder$OneWeigher;                              : loaded 2 times (x 65B)
Class com.amazon.ion.impl.bin.IonManagedBinaryWriter$SymbolState$4                    : loaded 2 times (x 76B)
Class org.jetbrains.plugins.gradle.tooling.serialization.internal.IdeaProjectSerializationService$WriteContext$1: loaded 2 times (x 79B)
Class org.jetbrains.plugins.gradle.model.ExternalProject                              : loaded 2 times (x 66B)
Class kotlin.sequences.SequencesKt                                                    : loaded 2 times (x 67B)
Class kotlin.collections.CollectionsKt__IteratorsKt                                   : loaded 2 times (x 67B)
Class org.objectweb.asm.tree.IntInsnNode                                              : loaded 2 times (x 75B)
Class [Lcom.android.builder.model.v2.ide.CodeShrinker;                                : loaded 2 times (x 65B)
Class org.apache.http.HeaderElement                                                   : loaded 2 times (x 66B)
Class com.google.common.hash.HashFunction                                             : loaded 2 times (x 66B)
Class com.google.common.collect.AbstractMapBasedMultimap                              : loaded 2 times (x 135B)
Class com.google.common.util.concurrent.AbstractFuture                                : loaded 2 times (x 102B)
Class com.google.common.base.FunctionalEquivalence                                    : loaded 2 times (x 79B)
Class org.objectweb.asm.MethodTooLargeException                                       : loaded 2 times (x 79B)
Class com.google.common.base.Platform$JdkPatternCompiler                              : loaded 2 times (x 71B)
Class com.amazon.ion.impl.bin.utf8.Pool                                               : loaded 2 times (x 70B)
Class com.amazon.ion.impl._Private_SymtabExtendsCache                                 : loaded 2 times (x 68B)
Class org.jetbrains.plugins.gradle.tooling.serialization.internal.IdeaProjectSerializationService$WriteContext$2: loaded 2 times (x 79B)
Class kotlin.text.StringsKt                                                           : loaded 2 times (x 67B)
Class com.google.common.hash.ChecksumHashFunction$ChecksumHasher                      : loaded 2 times (x 143B)
Class com.google.common.collect.ImmutableMultiset                                     : loaded 2 times (x 159B)
Class org.objectweb.asm.tree.InsnNode                                                 : loaded 2 times (x 74B)
Class org.apache.commons.compress.archivers.zip.UnixStat                              : loaded 2 times (x 66B)
Class com.google.common.io.CharStreams                                                : loaded 2 times (x 67B)
Class com.google.common.hash.HashCode                                                 : loaded 2 times (x 76B)
Class org.objectweb.asm.RecordComponentVisitor                                        : loaded 2 times (x 73B)
Class com.google.common.cache.CacheLoader$SupplierToCacheLoader                       : loaded 2 times (x 71B)
Class com.amazon.ion.impl._Private_IonSymbol                                          : loaded 2 times (x 66B)
Class com.amazon.ion.impl.lite.IonValueLite                                           : loaded 2 times (x 143B)
Class com.amazon.ion.IonContainer                                                     : loaded 2 times (x 66B)
Class com.amazon.ion.impl.bin.PooledBlockAllocatorProvider                            : loaded 2 times (x 69B)
Class org.jetbrains.plugins.gradle.tooling.serialization.AnnotationProcessingModelSerializationService$ReadContext: loaded 2 times (x 68B)
Class org.jetbrains.plugins.gradle.tooling.serialization.internal.IdeaProjectSerializationService$WriteContext$3: loaded 2 times (x 79B)
Class kotlin.coroutines.jvm.internal.RestrictedContinuationImpl                       : loaded 2 times (x 83B)
Class org.gradle.util.internal.DefaultGradleVersion$Stage                             : loaded 2 times (x 71B)
Class org.objectweb.asm.tree.ParameterNode                                            : loaded 2 times (x 69B)
Class org.gradle.internal.operations.MultipleBuildOperationFailures                   : loaded 2 times (x 91B)
Class com.google.common.collect.Maps$EntryTransformer                                 : loaded 2 times (x 66B)
Class org.jetbrains.kotlin.idea.gradleTooling.AndroidAwareGradleModelProvider         : loaded 2 times (x 75B)
Class org.jetbrains.plugins.gradle.tooling.serialization.internal.IdeaProjectSerializationService$WriteContext$4: loaded 2 times (x 79B)
Class com.intellij.gradle.toolingExtension.impl.model.sourceSetDependencyModel.GradleSourceSetDependencySerialisationService$Companion: loaded 2 times (x 67B)
Class [Lkotlin.Pair;                                                                  : loaded 2 times (x 65B)
Class kotlin.text.StringsKt__StringNumberConversionsKt                                : loaded 2 times (x 67B)
Class kotlin.io.FilesKt__FileReadWriteKt                                              : loaded 2 times (x 67B)
Class kotlin.text.MatchNamedGroupCollection                                           : loaded 2 times (x 66B)
Class kotlin.jvm.internal.markers.KMutableList                                        : loaded 2 times (x 66B)
Class org.gradle.internal.time.MonotonicClock                                         : loaded 2 times (x 73B)
Class org.gradle.internal.service.ServiceLookupException                              : loaded 2 times (x 78B)
Class com.google.common.base.CharMatcher$JavaLetter                                   : loaded 2 times (x 107B)
Class org.objectweb.asm.tree.AbstractInsnNode                                         : loaded 2 times (x 74B)
Class com.google.common.hash.AbstractByteHasher                                       : loaded 2 times (x 143B)
Class org.gradle.tooling.internal.adapter.MethodInvocation                            : loaded 2 times (x 81B)
Class com.google.common.collect.Lists$ReverseList                                     : loaded 2 times (x 196B)
Class [Lcom.google.common.cache.LocalCache$EntryFactory;                              : loaded 2 times (x 65B)
Class com.amazon.ion.BufferConfiguration$Builder                                      : loaded 2 times (x 74B)
Class org.jetbrains.plugins.gradle.tooling.serialization.internal.IdeaProjectSerializationService$WriteContext$5: loaded 2 times (x 79B)
Class kotlin.sequences.TransformingSequence                                           : loaded 2 times (x 71B)
Class kotlin.sequences.SequencesKt___SequencesKt$sortedWith$1                         : loaded 2 times (x 71B)
Class org.gradle.internal.classloader.ClassLoaderFactory                              : loaded 2 times (x 66B)
Class com.google.common.collect.ImmutableMap$SerializedForm                           : loaded 2 times (x 69B)
Class com.android.builder.model.v2.ide.LibraryInfo                                    : loaded 2 times (x 66B)
Class com.google.common.base.CommonPattern                                            : loaded 2 times (x 70B)
Class com.google.common.cache.LocalCache$LocalManualCache                             : loaded 2 times (x 95B)
Class com.intellij.util.ThrowableConsumer                                             : loaded 2 times (x 66B)
Class com.amazon.ion.impl.bin.IntList                                                 : loaded 2 times (x 73B)
Class com.amazon.ion.impl._Private_RecyclingQueue$ElementIterator                     : loaded 2 times (x 78B)
Class com.amazon.ion.impl.lite._Private_LiteDomTrampoline                             : loaded 2 times (x 67B)
Class com.amazon.ion.IonType                                                          : loaded 2 times (x 75B)
Class org.jetbrains.plugins.gradle.tooling.serialization.internal.IdeaProjectSerializationService$WriteContext$6: loaded 2 times (x 79B)
Class org.jetbrains.plugins.gradle.tooling.util.IntObjectMap                          : loaded 2 times (x 69B)
Class org.gradle.internal.service.CachingServiceLocator                               : loaded 2 times (x 78B)
Class com.google.common.collect.Streams                                               : loaded 2 times (x 67B)
Class org.apache.commons.compress.archivers.zip.ExtraFieldParsingBehavior             : loaded 2 times (x 66B)
Class org.apache.http.NameValuePair                                                   : loaded 2 times (x 66B)
Class org.objectweb.asm.ClassVisitor                                                  : loaded 2 times (x 84B)
Class com.google.common.collect.AbstractMapBasedMultimap$KeySet                       : loaded 2 times (x 133B)
Class com.google.common.math.IntMath                                                  : loaded 2 times (x 67B)
Class com.amazon.ion.impl.lite.ValueFactoryLite                                       : loaded 2 times (x 214B)
Class org.jetbrains.plugins.gradle.tooling.serialization.internal.IdeaProjectSerializationService$WriteContext$7: loaded 2 times (x 79B)
Class org.jetbrains.plugins.gradle.model.RepositoryModels                             : loaded 2 times (x 66B)
Class kotlin.collections.AbstractList$SubList                                         : loaded 2 times (x 194B)
Class kotlin.jvm.internal.CallableReference                                           : loaded 2 times (x 102B)
Class [Lorg.apache.commons.compress.archivers.zip.ZipExtraField;                      : loaded 2 times (x 65B)
Class [Lcom.google.common.collect.HashBiMap$BiEntry;                                  : loaded 2 times (x 65B)
Class org.objectweb.asm.commons.InstructionAdapter                                    : loaded 2 times (x 184B)
Class [Lorg.objectweb.asm.Symbol;                                                     : loaded 2 times (x 65B)
Class com.amazon.ion.impl.bin.WriteBuffer                                             : loaded 2 times (x 74B)
Class com.amazon.ion.impl.bin.IonManagedBinaryWriter                                  : loaded 2 times (x 162B)
Class org.jetbrains.plugins.gradle.tooling.serialization.internal.IdeaProjectSerializationService$WriteContext$8: loaded 2 times (x 79B)
Class [Lorg.gradle.api.JavaVersion;                                                   : loaded 2 times (x 65B)
Class kotlin.ranges.IntRange                                                          : loaded 2 times (x 89B)
Class org.gradle.tooling.model.idea.IdeaDependencyScope                               : loaded 2 times (x 66B)
Class org.gradle.internal.time.TimeSource                                             : loaded 2 times (x 66B)
Class org.gradle.tooling.model.kotlin.dsl.KotlinDslScriptsModel                       : loaded 2 times (x 66B)
Class com.android.utils.FileUtils                                                     : loaded 2 times (x 67B)
Class org.objectweb.asm.tree.TableSwitchInsnNode                                      : loaded 2 times (x 75B)
Class com.android.builder.model.v2.ide.TestInfo                                       : loaded 2 times (x 66B)
Class org.apache.commons.compress.archivers.zip.X0019_EncryptionRecipientCertificateList: loaded 2 times (x 86B)
Class com.google.common.base.Predicates                                               : loaded 2 times (x 67B)
Class com.google.common.base.Equivalence                                              : loaded 2 times (x 78B)
Class com.android.builder.model.v2.ide.AaptOptions$Namespacing                        : loaded 2 times (x 75B)
Class com.google.common.collect.TransformedListIterator                               : loaded 2 times (x 89B)
Class com.amazon.ion.impl.lite.IonBlobLite                                            : loaded 2 times (x 215B)
Class com.amazon.ion.impl.LocalSymbolTable                                            : loaded 2 times (x 117B)
Class org.jetbrains.plugins.gradle.tooling.serialization.SerializationService         : loaded 2 times (x 66B)
Class org.gradle.tooling.internal.gradle.GradleBuildIdentity                          : loaded 2 times (x 66B)
Class kotlin.enums.EnumEntries                                                        : loaded 2 times (x 66B)
Class com.android.builder.model.v2.ide.JavaCompileOptions                             : loaded 2 times (x 66B)
Class org.objectweb.asm.tree.VarInsnNode                                              : loaded 2 times (x 75B)
Class com.google.common.collect.IndexedImmutableSet$1                                 : loaded 2 times (x 209B)
Class com.google.common.hash.Hashing                                                  : loaded 2 times (x 67B)
Class com.google.common.cache.CacheBuilder$OneWeigher                                 : loaded 2 times (x 78B)
Class org.gradle.tooling.internal.adapter.TargetTypeProvider                          : loaded 2 times (x 66B)
Class com.amazon.ion.IonList                                                          : loaded 2 times (x 66B)
Class org.jetbrains.plugins.gradle.tooling.serialization.internal.adapter.Supplier    : loaded 2 times (x 66B)
Class org.gradle.tooling.internal.adapter.ProtocolToModelAdapter$MixInMappingAction   : loaded 2 times (x 76B)
Class org.gradle.internal.exceptions.ResolutionProvider                               : loaded 2 times (x 66B)
Class com.google.common.primitives.UnsignedInts                                       : loaded 2 times (x 67B)
Class org.objectweb.asm.tree.ModuleNode                                               : loaded 2 times (x 79B)
Class org.jetbrains.plugins.gradle.model.MavenRepositoryModel                         : loaded 2 times (x 66B)
Class com.amazon.ion.IonSystem                                                        : loaded 2 times (x 66B)
Class com.amazon.ion.impl.bin.IonManagedBinaryWriter$ImportedSymbolContext            : loaded 2 times (x 68B)
Class kotlin.text.MatchResult$DefaultImpls                                            : loaded 2 times (x 67B)
Class org.gradle.tooling.model.idea.IdeaCompilerOutput                                : loaded 2 times (x 66B)
Class org.gradle.tooling.model.ProjectIdentifier                                      : loaded 2 times (x 66B)
Class org.gradle.internal.classloader.ClasspathUtil                                   : loaded 2 times (x 67B)
Class com.android.builder.model.v2.ide.ComponentInfo                                  : loaded 2 times (x 66B)
Class org.objectweb.asm.tree.MethodNode                                               : loaded 2 times (x 106B)
Class org.apache.commons.compress.archivers.zip.PKWareExtraHeader                     : loaded 2 times (x 86B)
Class org.apache.commons.compress.archivers.zip.ZipArchiveEntry$NameSource            : loaded 2 times (x 75B)
Class kotlin.ranges.IntProgression$Companion                                          : loaded 2 times (x 67B)
Class com.google.common.base.Charsets                                                 : loaded 2 times (x 67B)
Class com.google.common.util.concurrent.Uninterruptibles                              : loaded 2 times (x 67B)
Class com.android.builder.model.v2.ide.ProjectType                                    : loaded 2 times (x 75B)
Class com.intellij.gradle.toolingExtension.impl.model.sourceSetModel.GradleSourceSetSerialisationService: loaded 2 times (x 73B)
Class kotlin.io.FileSystemException                                                   : loaded 2 times (x 78B)
Class com.google.common.io.CharSource                                                 : loaded 2 times (x 81B)
Class com.android.builder.model.v2.dsl.BaseConfig                                     : loaded 2 times (x 66B)
Class org.objectweb.asm.tree.FieldNode                                                : loaded 2 times (x 76B)
Class com.google.common.collect.Maps                                                  : loaded 2 times (x 67B)
Class com.amazon.ion.impl.lite.IonIntLite                                             : loaded 2 times (x 185B)
Class com.amazon.ion.util._Private_FastAppendable                                     : loaded 2 times (x 66B)
Class [Lcom.amazon.ion.impl.bin.IonRawBinaryWriter$PreallocationMode;                 : loaded 2 times (x 65B)
Class org.gradle.internal.time.TimeSource$1                                           : loaded 2 times (x 73B)
Class kotlin.jvm.internal.DefaultConstructorMarker                                    : loaded 2 times (x 67B)
Class org.gradle.api.specs.Spec                                                       : loaded 2 times (x 66B)
Class com.google.common.hash.Hashing$ChecksumType$1                                   : loaded 2 times (x 84B)
Class org.objectweb.asm.TypeReference                                                 : loaded 2 times (x 76B)
Class org.jetbrains.plugins.gradle.model.AnnotationProcessingModel                    : loaded 2 times (x 66B)
Class com.amazon.ion.impl.lite.IonSexpLite                                            : loaded 2 times (x 486B)
Class com.amazon.ion.impl.lite.IonListLite                                            : loaded 2 times (x 486B)
Class com.amazon.ion.IonFloat                                                         : loaded 2 times (x 66B)
Class com.google.common.hash.Hashing$ChecksumType$2                                   : loaded 2 times (x 84B)
Class com.google.common.cache.LocalCache$LoadingValueReference                        : loaded 2 times (x 92B)
Class com.amazon.ion.impl.LocalSymbolTable$Factory                                    : loaded 2 times (x 73B)
Class com.amazon.ion.impl.bin.IonManagedBinaryWriter$ImportedSymbolResolverMode       : loaded 2 times (x 76B)
Class com.intellij.gradle.toolingExtension.impl.model.buildScriptClasspathModel.GradleBuildScriptClasspathSerializationService: loaded 2 times (x 73B)
Class com.google.common.hash.Hashing$ChecksumType$3                                   : loaded 2 times (x 84B)
Class com.google.common.collect.CollectSpliterators                                   : loaded 2 times (x 67B)
Class com.google.common.collect.AbstractMapBasedMultimap$AsMap                        : loaded 2 times (x 124B)
Class com.google.common.io.LineReader$1                                               : loaded 2 times (x 71B)
Class com.google.common.base.Platform                                                 : loaded 2 times (x 67B)
Class com.amazon.ion.impl.LocalSymbolTableAsStruct                                    : loaded 2 times (x 122B)
Class com.amazon.ion.impl.lite.IonTimestampLite                                       : loaded 2 times (x 188B)
Class org.jetbrains.plugins.gradle.model.FileCollectionDependency                     : loaded 2 times (x 66B)
Class org.gradle.internal.impldep.gnu.trove.TObjectHashingStrategy                    : loaded 2 times (x 66B)
Class com.intellij.gradle.toolingExtension.impl.model.utilDummyModel.DummyModel       : loaded 2 times (x 66B)
Class kotlin.collections.EmptyIterator                                                : loaded 2 times (x 85B)
Class kotlin.text.StringsKt__RegexExtensionsKt                                        : loaded 2 times (x 67B)
Class org.gradle.internal.time.Clock                                                  : loaded 2 times (x 66B)
Class com.google.common.collect.AbstractMapBasedMultimap$WrappedList                  : loaded 2 times (x 201B)
Class com.android.builder.model.v2.dsl.ProductFlavor                                  : loaded 2 times (x 66B)
Class [Lorg.objectweb.asm.tree.AbstractInsnNode;                                      : loaded 2 times (x 65B)
Class org.objectweb.asm.tree.LocalVariableAnnotationNode                              : loaded 2 times (x 78B)
Class [Lcom.android.builder.model.v2.ide.TestInfo$Execution;                          : loaded 2 times (x 65B)
Class [Lorg.apache.commons.compress.archivers.zip.ZipMethod;                          : loaded 2 times (x 65B)
Class org.jetbrains.plugins.gradle.model.GradleExtensions                             : loaded 2 times (x 66B)
Class [Lorg.objectweb.asm.AnnotationWriter;                                           : loaded 2 times (x 65B)
Class com.google.common.collect.Maps$8                                                : loaded 2 times (x 78B)
Class com.amazon.ion.IonString                                                        : loaded 2 times (x 66B)
Class org.jetbrains.plugins.gradle.model.GradleSourceSetDependencyModel               : loaded 2 times (x 66B)
Class kotlin.io.FilePathComponents                                                    : loaded 2 times (x 68B)
Class kotlin.sequences.SequencesKt__SequencesJVMKt                                    : loaded 2 times (x 67B)
Class kotlin.coroutines.jvm.internal.RestrictedSuspendLambda                          : loaded 2 times (x 87B)
Class org.gradle.tooling.internal.adapter.TypeInspector                               : loaded 2 times (x 69B)
Class org.gradle.tooling.internal.adapter.ProtocolToModelAdapter$NoOpDecoration       : loaded 2 times (x 75B)
Class org.gradle.tooling.model.Element                                                : loaded 2 times (x 66B)
Class kotlin.collections.AbstractList                                                 : loaded 2 times (x 193B)
Class kotlin.collections.AbstractCollection                                           : loaded 2 times (x 113B)
Class com.amazon.ion.system.IonBinaryWriterBuilder                                    : loaded 2 times (x 95B)
Class com.google.common.collect.Lists$ReverseList$1                                   : loaded 2 times (x 95B)
Class com.google.common.collect.Sets$SetView                                          : loaded 2 times (x 134B)
Class com.google.common.cache.LocalCache$StrongValueReference                         : loaded 2 times (x 86B)
Class com.google.common.util.concurrent.AbstractFuture$SynchronizedHelper             : loaded 2 times (x 74B)
Class com.amazon.ion.BufferConfiguration                                              : loaded 2 times (x 69B)
Class com.amazon.ion.system.SimpleCatalog                                             : loaded 2 times (x 87B)
Class com.intellij.gradle.toolingExtension.impl.model.taskModel.GradleTaskSerialisationService: loaded 2 times (x 72B)
Class ijInit2_39e8ni877iqkvidjgozbbc8e3                                               : loaded 2 times (x 175B)
Class com.android.ide.gradle.model.LegacyV1AgpVersionModel                            : loaded 2 times (x 66B)
Class kotlin.text.StringsKt__StringBuilderJVMKt                                       : loaded 2 times (x 67B)
Class kotlin.text.Regex                                                               : loaded 2 times (x 68B)
Class kotlin.sequences.SequencesKt__SequenceBuilderKt$sequence$$inlined$Sequence$1    : loaded 2 times (x 71B)
Class com.google.common.graph.SuccessorsFunction                                      : loaded 2 times (x 66B)
Class org.apache.commons.compress.archivers.zip.UnicodeCommentExtraField              : loaded 2 times (x 89B)
Class [Lcom.google.gson.stream.JsonToken;                                             : loaded 2 times (x 65B)
Class org.objectweb.asm.Type                                                          : loaded 2 times (x 68B)
Class org.jetbrains.plugins.gradle.tooling.util.IntObjectMap$1                        : loaded 2 times (x 73B)
Class org.gradle.internal.impldep.com.google.common.base.Preconditions                : loaded 2 times (x 67B)
Class org.gradle.tooling.model.internal.ImmutableDomainObjectSet                      : loaded 2 times (x 151B)
Class org.gradle.internal.classloader.VisitableURLClassLoader$InstrumentingVisitableURLClassLoader: loaded 2 times (x 119B)
Class com.google.common.io.Files$FileByteSink                                         : loaded 2 times (x 73B)
Class com.android.builder.model.v2.ide.AndroidGradlePluginProjectFlags                : loaded 2 times (x 66B)
Class [Lcom.android.builder.model.v2.ide.AndroidGradlePluginProjectFlags$BooleanFlag; : loaded 2 times (x 65B)
Class com.android.builder.model.v2.ide.BasicVariant                                   : loaded 2 times (x 66B)
Class org.apache.commons.compress.archivers.zip.X0016_CertificateIdForCentralDirectory: loaded 2 times (x 89B)
Class org.objectweb.asm.ByteVector                                                    : loaded 2 times (x 75B)
Class [Lcom.google.common.cache.CacheBuilder$NullListener;                            : loaded 2 times (x 65B)
Class com.google.common.math.IntMath$1                                                : loaded 2 times (x 67B)
Class [Lcom.amazon.ion.impl.bin.IonRawBinaryWriter$StreamFlushMode;                   : loaded 2 times (x 65B)
Class com.amazon.ion.UnsupportedIonVersionException                                   : loaded 2 times (x 81B)
Class kotlin.comparisons.ComparisonsKt__ComparisonsKt                                 : loaded 2 times (x 67B)
Class kotlin.ranges.RangesKt__RangesKt                                                : loaded 2 times (x 67B)
Class kotlin.collections.SetsKt___SetsKt                                              : loaded 2 times (x 67B)
Class kotlin.sequences.SequencesKt__SequencesKt                                       : loaded 2 times (x 67B)
Class kotlin.coroutines.Continuation                                                  : loaded 2 times (x 66B)
Class org.gradle.internal.classloader.VisitableURLClassLoader$Spec                    : loaded 2 times (x 70B)
Class org.gradle.internal.classpath.DefaultClassPath                                  : loaded 2 times (x 86B)
Class com.google.common.base.AbstractIterator                                         : loaded 2 times (x 76B)
Class com.android.builder.model.v2.ide.BundleInfo                                     : loaded 2 times (x 66B)
Class com.android.builder.model.v2.ide.SourceProvider                                 : loaded 2 times (x 66B)
Class org.objectweb.asm.Symbol                                                        : loaded 2 times (x 69B)
Class com.amazon.ion.impl.bin.IonManagedBinaryWriter$SymbolState                      : loaded 2 times (x 76B)
Class com.amazon.ion.IonStruct                                                        : loaded 2 times (x 66B)
Class org.jetbrains.plugins.gradle.model.GradleBuildScriptClasspathModel              : loaded 2 times (x 66B)
Class kotlin.sequences.FilteringSequence                                              : loaded 2 times (x 71B)
Class kotlin.text.CharsKt__CharJVMKt                                                  : loaded 2 times (x 67B)
Class kotlin.comparisons.ComparisonsKt                                                : loaded 2 times (x 67B)
Class kotlin.comparisons.ComparisonsKt___ComparisonsKt                                : loaded 2 times (x 67B)
Class kotlin.coroutines.jvm.internal.BaseContinuationImpl                             : loaded 2 times (x 83B)
Class kotlin.Result$Companion                                                         : loaded 2 times (x 67B)
Class org.gradle.util.internal.DefaultGradleVersion                                   : loaded 2 times (x 76B)
Class com.google.common.io.Closer                                                     : loaded 2 times (x 74B)
Class [Lorg.apache.commons.compress.archivers.ArchiveEntry;                           : loaded 2 times (x 65B)
Class com.google.common.io.Java8Compatibility                                         : loaded 2 times (x 67B)
Class com.google.common.base.CharMatcher$Ascii                                        : loaded 2 times (x 108B)
Class com.amazon.ion.impl.bin.IonManagedBinaryWriter$UserState$4                      : loaded 2 times (x 81B)
Class org.jetbrains.plugins.gradle.model.UnresolvedExternalDependency                 : loaded 2 times (x 66B)
Class com.google.gson.stream.MalformedJsonException                                   : loaded 2 times (x 78B)
Class org.gradle.internal.classloader.ClassLoaderSpec                                 : loaded 2 times (x 67B)
Class com.google.common.io.ByteSource$EmptyByteSource                                 : loaded 2 times (x 81B)
Class org.apache.commons.compress.archivers.zip.ZipEncoding                           : loaded 2 times (x 66B)
Class org.objectweb.asm.AnnotationWriter                                              : loaded 2 times (x 75B)
Class com.google.common.cache.CacheStats                                              : loaded 2 times (x 67B)
Class com.amazon.ion.impl.IonWriterSystemTextMarkup                                   : loaded 2 times (x 188B)
Class com.amazon.ion.impl.bin.BlockAllocator                                          : loaded 2 times (x 76B)
Class kotlin.jvm.internal.FunctionReferenceImpl                                       : loaded 2 times (x 118B)
Class kotlin.collections.CollectionsKt___CollectionsJvmKt                             : loaded 2 times (x 67B)
Class com.google.common.collect.ImmutableMultisetGwtSerializationDependencies         : loaded 2 times (x 121B)
Class com.google.common.io.Closer$Suppressor                                          : loaded 2 times (x 66B)
Class com.google.common.io.LineProcessor                                              : loaded 2 times (x 66B)
Class [Lorg.apache.commons.compress.archivers.zip.ZipArchiveEntry$CommentSource;      : loaded 2 times (x 65B)
Class org.apache.http.util.Args                                                       : loaded 2 times (x 67B)
Class org.objectweb.asm.RecordComponentWriter                                         : loaded 2 times (x 74B)
Class com.google.common.util.concurrent.AbstractFuture$Listener                       : loaded 2 times (x 68B)
Class [Lcom.android.builder.model.v2.ide.ProjectType;                                 : loaded 2 times (x 65B)
Class org.apache.commons.compress.archivers.zip.ResourceAlignmentExtraField           : loaded 2 times (x 85B)
Class com.amazon.ion.impl._Private_RecyclingQueue                                     : loaded 2 times (x 76B)
Class com.amazon.ion.system.IonWriterBuilderBase                                      : loaded 2 times (x 79B)
Class kotlin.TuplesKt                                                                 : loaded 2 times (x 67B)
Class kotlin.jvm.internal.markers.KMutableIterable                                    : loaded 2 times (x 66B)
Class kotlin.sequences.SequencesKt___SequencesJvmKt                                   : loaded 2 times (x 67B)
Class org.gradle.tooling.internal.adapter.ProtocolToModelAdapter$DefaultViewBuilder   : loaded 2 times (x 76B)
Class kotlin.Unit                                                                     : loaded 2 times (x 67B)
Class com.google.common.hash.Hashing$ChecksumType                                     : loaded 2 times (x 84B)
Class [Lcom.android.builder.model.v2.ide.AaptOptions$Namespacing;                     : loaded 2 times (x 65B)
Class [Lorg.objectweb.asm.Label;                                                      : loaded 2 times (x 65B)
Class com.google.common.collect.ForwardingSet                                         : loaded 2 times (x 147B)
Class com.android.ide.common.gradle.Version$Companion$ParseState                      : loaded 2 times (x 66B)
Class org.objectweb.asm.Attribute                                                     : loaded 2 times (x 73B)
Class com.google.common.base.Supplier                                                 : loaded 2 times (x 66B)
Class kotlin.ranges.RangesKt                                                          : loaded 2 times (x 67B)
Class org.gradle.tooling.internal.adapter.ProtocolToModelAdapter$ViewGraphDetails$1   : loaded 2 times (x 73B)
Class org.gradle.internal.classloader.VisitableURLClassLoader                         : loaded 2 times (x 113B)
Class com.android.builder.model.v2.ide.AndroidArtifact                                : loaded 2 times (x 66B)
Class org.apache.commons.compress.archivers.zip.ExtraFieldUtils                       : loaded 2 times (x 67B)
Class com.google.common.util.concurrent.AbstractFuture$Waiter                         : loaded 2 times (x 68B)
Class com.android.ide.common.repository.AgpVersion$Companion                          : loaded 2 times (x 67B)
Class com.amazon.ion.impl.bin.IonRawBinaryWriter$1                                    : loaded 2 times (x 73B)
Class [Lcom.amazon.ion.SymbolTable;                                                   : loaded 2 times (x 65B)
Class com.amazon.ion.impl.bin.IonBinaryWriterAdapter$Factory                          : loaded 2 times (x 66B)
Class com.amazon.ion.impl.BlockedBuffer$BufferedOutputStream                          : loaded 2 times (x 86B)
Class org.jetbrains.plugins.gradle.tooling.serialization.ExternalTestsSerializationService$ReadContext: loaded 2 times (x 68B)
Class kotlin.collections.ArraysUtilJVM                                                : loaded 2 times (x 67B)
Class kotlin.sequences.FlatteningSequence$iterator$1                                  : loaded 2 times (x 75B)
Class kotlin.jvm.functions.Function0                                                  : loaded 2 times (x 66B)
Class com.google.common.io.ByteArrayDataOutput                                        : loaded 2 times (x 66B)
Class org.objectweb.asm.tree.LocalVariableNode                                        : loaded 2 times (x 69B)
Class org.gradle.tooling.model.idea.IdeaDependency                                    : loaded 2 times (x 66B)
Class com.android.builder.model.v2.ide.AaptOptions                                    : loaded 2 times (x 66B)
Class [Lcom.android.builder.model.v2.ide.BytecodeTransformation;                      : loaded 2 times (x 65B)
Class com.google.common.collect.HashBiMap                                             : loaded 2 times (x 139B)
Class com.google.common.base.Strings                                                  : loaded 2 times (x 67B)
Class com.android.ide.common.gradle.Version$Companion                                 : loaded 2 times (x 67B)
Class com.google.common.collect.Sets                                                  : loaded 2 times (x 67B)
Class org.objectweb.asm.Handler                                                       : loaded 2 times (x 68B)
Class com.google.common.base.Ticker                                                   : loaded 2 times (x 68B)
Class org.gradle.api.internal.classpath.ManifestUtil                                  : loaded 2 times (x 67B)
Class com.amazon.ion.impl.bin.AbstractIonWriter$WriteValueOptimization                : loaded 2 times (x 75B)
Class kotlin.collections.AbstractMutableList                                          : loaded 2 times (x 202B)
Class kotlin.jvm.functions.Function1                                                  : loaded 2 times (x 66B)
Class com.android.builder.model.v2.models.ndk.NativeModelBuilderParameter             : loaded 2 times (x 66B)
Class [Lcom.google.common.cache.LocalCache$Segment;                                   : loaded 2 times (x 65B)
Class [Lcom.google.common.cache.LocalCache$Strength;                                  : loaded 2 times (x 65B)
Class com.google.common.cache.CacheBuilder$1                                          : loaded 2 times (x 81B)
Class org.gradle.tooling.internal.adapter.ProtocolToModelAdapter$InvocationHandlerImpl: loaded 2 times (x 73B)
Class org.gradle.tooling.model.build.GradleEnvironment                                : loaded 2 times (x 66B)
Class com.amazon.ion.impl.bin.BlockAllocatorProvider                                  : loaded 2 times (x 68B)
Class org.jetbrains.plugins.gradle.tooling.serialization.internal.IdeaProjectSerializationService$WriteContext: loaded 2 times (x 68B)
Class com.intellij.gradle.toolingExtension.impl.model.sourceSetDependencyModel.GradleSourceSetDependencySerialisationService: loaded 2 times (x 73B)
Class org.jetbrains.plugins.gradle.model.GradleSourceSetModel                         : loaded 2 times (x 66B)
Class kotlin.KotlinNothingValueException                                              : loaded 2 times (x 78B)
Class kotlin.jvm.functions.Function2                                                  : loaded 2 times (x 66B)
Class org.gradle.internal.classpath.DefaultClassPath$ImmutableUniqueList$Builder      : loaded 2 times (x 71B)
Class org.jetbrains.plugins.gradle.tooling.util.IntObjectMap$ObjectFactory            : loaded 2 times (x 66B)
Class com.google.gson.stream.JsonToken                                                : loaded 2 times (x 75B)
Class com.google.common.cache.LocalCache                                              : loaded 2 times (x 183B)
Class com.google.common.cache.CacheBuilder$2                                          : loaded 2 times (x 75B)
Class com.amazon.ion.IonException                                                     : loaded 2 times (x 80B)
Class com.amazon.ion.impl.lite.IonSequenceLite                                        : loaded 2 times (x 428B)
Class com.amazon.ion.impl._Private_Utils$1                                            : loaded 2 times (x 85B)
Class com.amazon.ion.impl.SymbolTableAsStruct                                         : loaded 2 times (x 66B)
Class com.android.ide.gradle.model.dependencies.Coordinates                           : loaded 2 times (x 66B)
Class kotlin.collections.MapsKt___MapsJvmKt                                           : loaded 2 times (x 67B)
Class org.gradle.tooling.internal.adapter.WeakIdentityHashMap$AbsentValueProvider     : loaded 2 times (x 66B)
Class org.apache.commons.compress.archivers.zip.CharsetAccessor                       : loaded 2 times (x 66B)
Class com.google.common.collect.ArrayListMultimap                                     : loaded 2 times (x 168B)
Class com.google.common.cache.CacheBuilder$3                                          : loaded 2 times (x 68B)
Class com.amazon.ion.impl.bin.IonManagedBinaryWriter$UserState$3                      : loaded 2 times (x 81B)
Class com.google.common.util.concurrent.ExecutionError                                : loaded 2 times (x 78B)
Class com.amazon.ion.impl.bin.AbstractIonWriter                                       : loaded 2 times (x 157B)
Class org.jetbrains.plugins.gradle.tooling.util.ObjectCollector$Processor             : loaded 2 times (x 66B)
Class org.jetbrains.kotlin.idea.gradleTooling.model.samWithReceiver.SamWithReceiverModel: loaded 2 times (x 66B)
Class kotlin.jvm.functions.Function4                                                  : loaded 2 times (x 66B)
Class kotlin.collections.EmptySet                                                     : loaded 2 times (x 118B)
Class kotlin.annotation.Target                                                        : loaded 2 times (x 66B)
Class kotlin.collections.CollectionsKt___CollectionsKt                                : loaded 2 times (x 67B)
Class com.google.common.collect.ImmutableEnumSet                                      : loaded 2 times (x 142B)
Class org.gradle.internal.exceptions.NonGradleCauseExceptionsHolder                   : loaded 2 times (x 66B)
Class org.gradle.tooling.model.idea.IdeaModuleDependency                              : loaded 2 times (x 66B)
Class org.gradle.tooling.internal.adapter.ViewBuilder                                 : loaded 2 times (x 66B)
Class com.google.common.base.Suppliers$MemoizingSupplier                              : loaded 2 times (x 75B)
Class com.android.builder.model.v2.ide.AndroidLibraryData                             : loaded 2 times (x 66B)
Class com.android.builder.model.v2.ide.ApiVersion                                     : loaded 2 times (x 66B)
Class org.apache.commons.compress.archivers.zip.NioZipEncoding                        : loaded 2 times (x 80B)
Class com.android.ide.common.gradle.Version                                           : loaded 2 times (x 71B)
Class com.google.common.collect.CollectPreconditions                                  : loaded 2 times (x 67B)
Class com.amazon.ion.system.IonReaderBuilder                                          : loaded 2 times (x 89B)
Class org.jetbrains.plugins.gradle.model.AnnotationProcessingConfig                   : loaded 2 times (x 66B)
Class com.amazon.ion.IonReader                                                        : loaded 2 times (x 66B)
Class kotlin.text.StringsKt___StringsJvmKt                                            : loaded 2 times (x 67B)
Class kotlin.reflect.KDeclarationContainer                                            : loaded 2 times (x 66B)
Class kotlin.annotation.Retention                                                     : loaded 2 times (x 66B)
Class com.google.common.hash.ImmutableSupplier                                        : loaded 2 times (x 66B)
Class [Lcom.google.common.io.FileWriteMode;                                           : loaded 2 times (x 65B)
Class com.android.builder.model.v2.models.Versions$Version                            : loaded 2 times (x 66B)
Class com.google.common.collect.SortedMapDifference                                   : loaded 2 times (x 66B)
Class com.amazon.ion.IonClob                                                          : loaded 2 times (x 66B)
Class org.jetbrains.plugins.gradle.tooling.ModelBuilderService$Parameter              : loaded 2 times (x 66B)
Class kotlin.io.FilesKt                                                               : loaded 2 times (x 67B)
Class kotlin.collections.MapsKt___MapsKt                                              : loaded 2 times (x 67B)
Class kotlin.collections.ArraysKt___ArraysKt                                          : loaded 2 times (x 67B)
Class com.google.common.cache.LocalCache$WriteThroughEntry                            : loaded 2 times (x 75B)
Class com.google.common.cache.LocalCache$HashIterator                                 : loaded 2 times (x 82B)
Class com.google.common.io.Files                                                      : loaded 2 times (x 67B)
Class com.google.common.hash.HashCode$IntHashCode                                     : loaded 2 times (x 76B)
Class com.google.common.cache.LocalCache$EntryFactory                                 : loaded 2 times (x 79B)
Class com.amazon.ion.impl.lite.IonLobLite                                             : loaded 2 times (x 180B)
Class com.amazon.ion.impl.lite.IonTextLite                                            : loaded 2 times (x 177B)
Class com.amazon.ion.IonNumber                                                        : loaded 2 times (x 66B)
Class org.gradle.internal.impldep.gnu.trove.TObjectIntProcedure                       : loaded 2 times (x 66B)
Class kotlin.collections.MapsKt__MapWithDefaultKt                                     : loaded 2 times (x 67B)
Class org.gradle.tooling.internal.adapter.ProtocolToModelAdapter$ReflectionMethodInvoker: loaded 2 times (x 72B)
Class com.google.common.base.Splitter$1$1                                             : loaded 2 times (x 82B)
Class [Lorg.apache.commons.compress.archivers.zip.ZipArchiveEntry;                    : loaded 2 times (x 65B)
Class com.android.builder.model.v2.models.VariantDependenciesAdjacencyList            : loaded 2 times (x 66B)
Class [Lcom.android.ide.common.gradle.Separator;                                      : loaded 2 times (x 65B)
Class com.google.common.cache.LocalCache$AbstractReferenceEntry                       : loaded 2 times (x 103B)
Class [Lcom.amazon.ion.impl.bin.IonManagedBinaryWriter$UserState;                     : loaded 2 times (x 65B)
Class com.amazon.ion.impl.bin.utf8.Utf8StringEncoder                                  : loaded 2 times (x 76B)
Class com.amazon.ion.IonBool                                                          : loaded 2 times (x 66B)
Class org.jetbrains.kotlin.idea.gradleTooling.model.assignment.AssignmentModel        : loaded 2 times (x 66B)
Class kotlin.text.StringsKt___StringsKt                                               : loaded 2 times (x 67B)
Class kotlin.collections.CollectionsKt__MutableCollectionsJVMKt                       : loaded 2 times (x 67B)
Class com.google.common.collect.AbstractMapBasedMultimap$WrappedCollection            : loaded 2 times (x 120B)
Class kotlin.enums.EnumEntriesKt                                                      : loaded 2 times (x 67B)
Class org.objectweb.asm.tree.InsnList                                                 : loaded 2 times (x 99B)
Class org.objectweb.asm.tree.FieldInsnNode                                            : loaded 2 times (x 75B)
Class com.android.builder.model.v2.models.VariantDependencies                         : loaded 2 times (x 66B)
Class org.objectweb.asm.SymbolTable                                                   : loaded 2 times (x 68B)
Class com.google.common.cache.CacheLoader$InvalidCacheLoadException                   : loaded 2 times (x 78B)
Class org.gradle.internal.classloader.ClassLoaderHierarchy                            : loaded 2 times (x 66B)
Class com.amazon.ion.IonLoader                                                        : loaded 2 times (x 66B)
Class org.jetbrains.plugins.gradle.model.GradleProperty                               : loaded 2 times (x 66B)
Class org.gradle.internal.classloader.SystemClassLoaderSpec                           : loaded 2 times (x 67B)
Class com.android.builder.model.v2.ide.TestedTargetVariant                            : loaded 2 times (x 66B)
Class org.objectweb.asm.tree.MultiANewArrayInsnNode                                   : loaded 2 times (x 75B)
Class [Lorg.apache.commons.compress.archivers.EntryStreamOffsets;                     : loaded 2 times (x 65B)
Class com.google.common.cache.LocalCache$StrongEntry                                  : loaded 2 times (x 104B)
Class com.google.common.util.concurrent.AbstractFuture$TrustedFuture                  : loaded 2 times (x 110B)
Class com.google.common.cache.LoadingCache                                            : loaded 2 times (x 66B)
Class com.amazon.ion.impl._Private_Utils                                              : loaded 2 times (x 67B)
Class kotlin.ranges.IntRange$Companion                                                : loaded 2 times (x 67B)
Class kotlin.text.MatcherMatchResult$groups$1                                         : loaded 2 times (x 147B)
Class kotlin.collections.EmptyMap                                                     : loaded 2 times (x 105B)
Class kotlin.reflect.KAnnotatedElement                                                : loaded 2 times (x 66B)
Class kotlin.jvm.internal.markers.KMutableCollection                                  : loaded 2 times (x 66B)
Class kotlin.coroutines.intrinsics.IntrinsicsKt                                       : loaded 2 times (x 67B)
Class org.gradle.internal.exceptions.MultiCauseException                              : loaded 2 times (x 66B)
Class org.gradle.internal.time.CountdownTimer                                         : loaded 2 times (x 66B)
Class kotlin.jvm.internal.Intrinsics                                                  : loaded 2 times (x 67B)
Class com.google.common.base.Suppliers$NonSerializableMemoizingSupplier               : loaded 2 times (x 75B)
Class com.google.common.io.ByteStreams$LimitedInputStream                             : loaded 2 times (x 88B)
Class org.apache.commons.compress.archivers.zip.Zip64ExtendedInformationExtraField    : loaded 2 times (x 93B)
Class org.objectweb.asm.MethodWriter                                                  : loaded 2 times (x 102B)
Class [Lcom.google.common.cache.Weigher;                                              : loaded 2 times (x 65B)
Class kotlin.collections.CollectionsKt__ReversedViewsKt                               : loaded 2 times (x 67B)
Class com.intellij.gradle.toolingExtension.impl.model.projectModel.GradleExternalProjectSerializationService$ReadContext: loaded 2 times (x 69B)
Class com.intellij.gradle.toolingExtension.impl.model.dependencyModel.DependencyWriteContext: loaded 2 times (x 68B)
Class org.jetbrains.kotlin.idea.gradleTooling.model.parcelize.ParcelizeGradleModel    : loaded 2 times (x 66B)
Class kotlin.collections.MapsKt                                                       : loaded 2 times (x 67B)
Class kotlin.coroutines.intrinsics.CoroutineSingletons                                : loaded 2 times (x 75B)
Class kotlin.collections.CollectionsKt__IterablesKt                                   : loaded 2 times (x 67B)
Class org.gradle.tooling.model.ProjectModel                                           : loaded 2 times (x 66B)
Class build_eiisl36vwyyfkt55bpdkxpzxx$_run_closure1$_closure3                         : loaded 2 times (x 135B)
Class com.google.common.collect.AbstractMapBasedMultimap$RandomAccessWrappedList      : loaded 2 times (x 201B)
Class com.google.common.collect.ImmutableMultimap$1                                   : loaded 2 times (x 78B)
Class org.objectweb.asm.tree.InvokeDynamicInsnNode                                    : loaded 2 times (x 74B)
Class com.android.ide.common.gradle.Version$Companion$ParseState$EMPTY                : loaded 2 times (x 70B)
Class org.jetbrains.plugins.gradle.model.GradleConfiguration                          : loaded 2 times (x 66B)
Class com.amazon.ion.impl.bin.utf8.Utf8StringEncoderPool                              : loaded 2 times (x 70B)
Class com.amazon.ion.impl._Private_IonSystem                                          : loaded 2 times (x 66B)
Class com.amazon.ion.BufferConfiguration$OversizedValueHandler                        : loaded 2 times (x 66B)
Class kotlin.ranges.OpenEndRange                                                      : loaded 2 times (x 66B)
Class kotlin.sequences.SequenceBuilderIterator                                        : loaded 2 times (x 81B)
Class kotlin.KotlinNullPointerException                                               : loaded 2 times (x 79B)
Class build_eiisl36vwyyfkt55bpdkxpzxx$_run_closure1$_closure4                         : loaded 2 times (x 135B)
Class com.google.common.collect.ImmutableMultimap$2                                   : loaded 2 times (x 77B)
Class [Lorg.apache.http.NameValuePair;                                                : loaded 2 times (x 65B)
Class com.google.common.collect.RegularImmutableBiMap                                 : loaded 2 times (x 145B)
Class com.google.common.cache.LocalCache$ValueReference                               : loaded 2 times (x 66B)
Class kotlin.sequences.SequencesKt__SequenceBuilderKt                                 : loaded 2 times (x 67B)
Class kotlin.jvm.internal.CollectionToArray                                           : loaded 2 times (x 67B)
Class com.android.ide.common.repository.AgpVersion$Companion$WhenMappings             : loaded 2 times (x 67B)
Class com.amazon.ion.IonDecimal                                                       : loaded 2 times (x 66B)
Class org.jetbrains.plugins.gradle.model.tests.ExternalTestsModel                     : loaded 2 times (x 66B)
Class kotlin.ranges.RangesKt___RangesKt                                               : loaded 2 times (x 67B)
Class org.gradle.tooling.model.idea.IdeaLanguageLevel                                 : loaded 2 times (x 66B)
Class org.gradle.tooling.internal.adapter.ProtocolToModelAdapter$SafeMethodInvoker    : loaded 2 times (x 72B)
Class org.gradle.tooling.internal.adapter.WeakIdentityHashMap$WeakKey                 : loaded 2 times (x 75B)
Class org.gradle.internal.exceptions.DefaultMultiCauseException                       : loaded 2 times (x 91B)
Class build_eiisl36vwyyfkt55bpdkxpzxx$_run_closure1$_closure5                         : loaded 2 times (x 135B)
Class com.android.builder.model.v2.ide.ProjectInfo                                    : loaded 2 times (x 66B)
Class org.apache.commons.compress.archivers.zip.AsiExtraField                         : loaded 2 times (x 96B)
Class [Lorg.apache.http.Header;                                                       : loaded 2 times (x 65B)
Class com.google.common.hash.PrimitiveSink                                            : loaded 2 times (x 66B)
Class com.google.common.base.PatternCompiler                                          : loaded 2 times (x 66B)
Class com.google.common.util.concurrent.AbstractFuture$Failure                        : loaded 2 times (x 68B)
Class com.google.common.base.Equivalence$Equals                                       : loaded 2 times (x 78B)
Class com.google.common.collect.Hashing                                               : loaded 2 times (x 67B)
Class kotlin.io.FilesKt__FileTreeWalkKt                                               : loaded 2 times (x 67B)
Class com.amazon.ion.impl.bin.IonRawBinaryWriter$StreamCloseMode                      : loaded 2 times (x 75B)
Class com.amazon.ion.impl._Private_IonBinaryWriterBuilder$Mutable                     : loaded 2 times (x 111B)
Class com.intellij.gradle.toolingExtension.impl.model.projectModel.GradleExternalProjectSerializationService: loaded 2 times (x 73B)
Class kotlin.text.CharsKt__CharKt                                                     : loaded 2 times (x 67B)
Class kotlin.collections.ArraysKt                                                     : loaded 2 times (x 67B)
Class kotlin.collections.ArrayDeque$Companion                                         : loaded 2 times (x 67B)
Class org.gradle.tooling.model.HierarchicalElement                                    : loaded 2 times (x 66B)
Class kotlin.sequences.FilteringSequence$iterator$1                                   : loaded 2 times (x 75B)
Class com.google.common.io.CharSink                                                   : loaded 2 times (x 75B)
Class com.android.builder.model.v2.dsl.DependenciesInfo                               : loaded 2 times (x 66B)
Class com.intellij.gradle.toolingExtension.impl.model.sourceSetModel.GradleSourceSetSerialisationService$Companion: loaded 2 times (x 67B)
Class com.amazon.ion.impl._Private_IonValue                                           : loaded 2 times (x 66B)
Class org.objectweb.asm.Label                                                         : loaded 2 times (x 69B)
Class org.objectweb.asm.CurrentFrame                                                  : loaded 2 times (x 69B)
Class org.objectweb.asm.ClassTooLargeException                                        : loaded 2 times (x 79B)
Class com.amazon.ion.impl.bin.IonManagedBinaryWriter$UserState$2                      : loaded 2 times (x 81B)
Class com.google.gson.stream.JsonReader                                               : loaded 2 times (x 93B)
Class com.google.common.collect.SortedSetMultimap                                     : loaded 2 times (x 66B)
Class com.amazon.ion.impl.bin.IonRawBinaryWriter$PatchPoint                           : loaded 2 times (x 69B)
Class com.amazon.ion.IonBlob                                                          : loaded 2 times (x 66B)
Class com.amazon.ion.IonLob                                                           : loaded 2 times (x 66B)
Class com.amazon.ion.IonSequence                                                      : loaded 2 times (x 66B)
Class org.jetbrains.plugins.gradle.tooling.serialization.ExternalTestsSerializationService: loaded 2 times (x 73B)
Class kotlin.collections.SetsKt__SetsKt                                               : loaded 2 times (x 67B)
Class kotlin.coroutines.EmptyCoroutineContext                                         : loaded 2 times (x 73B)
Class org.gradle.internal.time.Time                                                   : loaded 2 times (x 67B)
Class com.google.common.io.ByteSource$AsCharSource                                    : loaded 2 times (x 82B)
Class com.google.common.collect.Table                                                 : loaded 2 times (x 66B)
Class org.apache.commons.compress.archivers.zip.ZipExtraField                         : loaded 2 times (x 66B)
Class com.google.common.collect.Maps$IteratorBasedAbstractMap                         : loaded 2 times (x 121B)
Class com.google.common.hash.HashCode$LongHashCode                                    : loaded 2 times (x 76B)
Class org.apache.http.Header                                                          : loaded 2 times (x 66B)
Class com.android.builder.model.v2.models.ProjectGraph                                : loaded 2 times (x 66B)
Class com.android.ide.common.gradle.Version$Companion$ParseState$NUMERIC              : loaded 2 times (x 70B)
Class com.google.common.io.FileWriteMode                                              : loaded 2 times (x 75B)
Class org.objectweb.asm.Frame                                                         : loaded 2 times (x 69B)
Class org.objectweb.asm.MethodVisitor                                                 : loaded 2 times (x 101B)
Class com.google.common.cache.LocalCache$EntryFactory$1                               : loaded 2 times (x 79B)
Class [Lcom.google.common.cache.RemovalListener;                                      : loaded 2 times (x 65B)
Class [Lcom.google.common.base.AbstractIterator$State;                                : loaded 2 times (x 65B)
Class build_eiisl36vwyyfkt55bpdkxpzxx$_run_closure2                                   : loaded 2 times (x 135B)
Class com.android.ide.common.repository.AgpVersion$PreviewKind                        : loaded 2 times (x 75B)
Class com.amazon.ion.system.IonTextWriterBuilder                                      : loaded 2 times (x 94B)
Class com.amazon.ion.impl.bin.IonManagedBinaryWriter$ImportedSymbolResolverMode$1$1$1 : loaded 2 times (x 72B)
Class com.amazon.ion.impl._Private_LocalSymbolTableFactory                            : loaded 2 times (x 66B)
Class org.jetbrains.plugins.gradle.tooling.serialization.AnnotationProcessingModelSerializationService: loaded 2 times (x 73B)
Class kotlin.collections.ArraysKt__ArraysJVMKt                                        : loaded 2 times (x 67B)
Class org.objectweb.asm.tree.Util                                                     : loaded 2 times (x 67B)
Class org.gradle.internal.classloader.FilteringClassLoader                            : loaded 2 times (x 101B)
Class com.google.common.cache.LocalCache$EntryFactory$2                               : loaded 2 times (x 79B)
Class com.amazon.ion.impl.lite.IonNullLite                                            : loaded 2 times (x 171B)
Class [Lcom.intellij.openapi.externalSystem.model.project.dependencies.ResolutionState;: loaded 2 times (x 65B)
Class org.gradle.internal.impldep.gnu.trove.TObjectHash                               : loaded 2 times (x 90B)
Class org.jetbrains.plugins.gradle.model.DependencyAccessorsModel                     : loaded 2 times (x 66B)
Class kotlin.text.StringsKt__StringBuilderKt                                          : loaded 2 times (x 67B)
Class kotlin.jvm.internal.CallableReference$NoReceiver                                : loaded 2 times (x 67B)
Class org.gradle.api.internal.classpath.GlobalCacheRootsProvider                      : loaded 2 times (x 66B)
Class org.objectweb.asm.tree.MethodInsnNode                                           : loaded 2 times (x 76B)
Class com.google.common.collect.CollectCollectors                                     : loaded 2 times (x 67B)
Class org.objectweb.asm.ModuleWriter                                                  : loaded 2 times (x 78B)
Class com.google.common.cache.LocalCache$EntryFactory$3                               : loaded 2 times (x 79B)
Class com.google.common.base.Ticker$1                                                 : loaded 2 times (x 68B)
Class com.google.common.collect.Maps$BiMapConverter                                   : loaded 2 times (x 86B)
Class kotlin.NotImplementedError                                                      : loaded 2 times (x 78B)
Class com.amazon.ion.impl.lite.IonClobLite                                            : loaded 2 times (x 216B)
Class com.amazon.ion.impl._Private_ValueFactory                                       : loaded 2 times (x 66B)
Class com.amazon.ion.impl.bin.IonRawBinaryWriter$PreallocationMode$1                  : loaded 2 times (x 78B)
Class [Lcom.amazon.ion.impl.bin._Private_IonManagedBinaryWriterBuilder$AllocatorMode; : loaded 2 times (x 65B)
Class org.jetbrains.kotlin.idea.gradleTooling.KotlinMPPGradleModel                    : loaded 2 times (x 66B)
Class com.intellij.gradle.toolingExtension.impl.model.dependencyDownloadPolicyModel.GradleDependencyDownloadPolicy: loaded 2 times (x 66B)
Class kotlin.NoWhenBranchMatchedException                                             : loaded 2 times (x 78B)
Class org.gradle.tooling.model.BuildIdentifier                                        : loaded 2 times (x 66B)
Class com.android.builder.model.v2.ide.VectorDrawablesOptions                         : loaded 2 times (x 66B)
Class kotlin.sequences.FlatteningSequence                                             : loaded 2 times (x 71B)
Class com.google.common.cache.LocalCache$EntryFactory$4                               : loaded 2 times (x 79B)
Class kotlin.text.MatcherMatchResult                                                  : loaded 2 times (x 76B)
Class kotlin.text.MatchGroupCollection                                                : loaded 2 times (x 66B)
Class com.amazon.ion.IonInt                                                           : loaded 2 times (x 66B)
Class com.amazon.ion.impl.bin.IonRawBinaryWriter$PreallocationMode$2                  : loaded 2 times (x 78B)
Class org.jetbrains.kotlin.idea.gradleTooling.PrepareKotlinIdeImportTaskModel         : loaded 2 times (x 66B)
Class com.android.builder.model.v2.ide.Edge                                           : loaded 2 times (x 66B)
Class com.google.common.io.ByteStreams$1                                              : loaded 2 times (x 81B)
Class org.apache.commons.compress.archivers.zip.ZipArchiveEntry$CommentSource         : loaded 2 times (x 75B)
Class kotlin.text.StringsKt__StringsKt                                                : loaded 2 times (x 67B)
Class com.android.builder.model.v2.models.VariantDependenciesFlatList                 : loaded 2 times (x 66B)
Class com.google.common.cache.LocalCache$EntryFactory$5                               : loaded 2 times (x 79B)
Class com.amazon.ion.impl.bin.IonRawBinaryWriter$PreallocationMode$3                  : loaded 2 times (x 78B)
Class com.android.ide.gradle.model.GradlePluginModel                                  : loaded 2 times (x 66B)
Class org.gradle.tooling.model.build.JavaEnvironment                                  : loaded 2 times (x 66B)
Class com.android.builder.model.v2.ide.SourceSetContainer                             : loaded 2 times (x 66B)
Class com.google.common.collect.HashMultimap                                          : loaded 2 times (x 170B)
Class com.google.common.cache.LocalCache$EntryFactory$6                               : loaded 2 times (x 79B)
Class build_23zywj9nmx626hmozmrpemw23$_run_closure1                                   : loaded 2 times (x 135B)
Class org.jetbrains.plugins.gradle.model.GradleExtension                              : loaded 2 times (x 66B)
Class com.amazon.ion.impl.lite.IonDecimalLite                                         : loaded 2 times (x 184B)
Class com.amazon.ion.IonBufferConfiguration$Builder                                   : loaded 2 times (x 74B)
Class org.gradle.internal.time.Timer                                                  : loaded 2 times (x 66B)
Class kotlin.jvm.internal.markers.KMappedMarker                                       : loaded 2 times (x 66B)
Class org.gradle.internal.installation.CurrentGradleInstallationLocator               : loaded 2 times (x 67B)
Class com.google.common.io.ByteSource$SlicedByteSource                                : loaded 2 times (x 81B)
Class com.google.common.collect.ImmutableMultimap$Builder                             : loaded 2 times (x 82B)
Class com.android.builder.model.v2.ide.LintOptions                                    : loaded 2 times (x 66B)
Class org.objectweb.asm.ClassReader                                                   : loaded 2 times (x 90B)
Class org.apache.commons.compress.archivers.zip.X5455_ExtendedTimestamp               : loaded 2 times (x 101B)
Class com.google.common.collect.Maps$KeySet                                           : loaded 2 times (x 133B)
Class com.google.common.cache.LocalCache$EntryFactory$7                               : loaded 2 times (x 79B)
Class com.google.common.collect.ImmutableSet$EmptySetBuilderImpl                      : loaded 2 times (x 72B)
Class com.android.ide.gradle.model.dependencies.DeclaredDependencies                  : loaded 2 times (x 66B)
Class [Lcom.amazon.ion.impl.bin.IonRawBinaryWriter$ContainerType;                     : loaded 2 times (x 65B)
Class org.gradle.tooling.internal.adapter.ProtocolToModelAdapter$ViewGraphDetails     : loaded 2 times (x 68B)
Class org.gradle.tooling.model.idea.IdeaProject                                       : loaded 2 times (x 66B)
Class org.gradle.tooling.model.DomainObjectSet                                        : loaded 2 times (x 66B)
Class org.gradle.internal.service.DefaultServiceLocator                               : loaded 2 times (x 79B)
Class com.google.common.collect.ImmutableMultimap$EntryCollection                     : loaded 2 times (x 124B)
Class org.objectweb.asm.tree.JumpInsnNode                                             : loaded 2 times (x 75B)
Class com.android.builder.model.v2.ide.BasicArtifact                                  : loaded 2 times (x 66B)
Class com.google.common.collect.Maps$EntrySet                                         : loaded 2 times (x 132B)
Class org.jetbrains.plugins.gradle.tooling.serialization.internal.IdeaProjectSerializationService$ReadContext: loaded 2 times (x 68B)
Class com.google.common.cache.LocalCache$EntryFactory$8                               : loaded 2 times (x 79B)
Class com.amazon.ion.impl.bin.IonManagedBinaryWriter$UserState$1                      : loaded 2 times (x 81B)
Class com.amazon.ion.impl.bin.utf8.Utf8StringEncoder$Result                           : loaded 2 times (x 70B)
Class com.amazon.ion.impl.bin.utf8.Pool$Allocator                                     : loaded 2 times (x 66B)
Class com.amazon.ion.IonText                                                          : loaded 2 times (x 66B)
Class com.amazon.ion.impl.SymbolTokenImpl                                             : loaded 2 times (x 77B)
Class com.amazon.ion.SubstituteSymbolTableException                                   : loaded 2 times (x 80B)
Class kotlin.coroutines.jvm.internal.SuspendFunction                                  : loaded 2 times (x 66B)
Class org.gradle.util.GradleVersion                                                   : loaded 2 times (x 75B)
Class org.gradle.internal.installation.CurrentGradleInstallation                      : loaded 2 times (x 69B)
Class org.objectweb.asm.Opcodes                                                       : loaded 2 times (x 66B)
Class com.google.common.cache.CacheLoader$1                                           : loaded 2 times (x 71B)
Class com.google.common.base.PairwiseEquivalence                                      : loaded 2 times (x 79B)
Class com.google.common.base.Equivalence$Identity                                     : loaded 2 times (x 78B)
Class com.amazon.ion.impl.bin.IonManagedBinaryWriter$ImportDescriptor                 : loaded 2 times (x 72B)
Class com.amazon.ion.SymbolTable                                                      : loaded 2 times (x 66B)
Class org.jetbrains.plugins.gradle.tooling.serialization.GradleExtensionsSerializationService$WriteContext: loaded 2 times (x 68B)
Class com.intellij.gradle.toolingExtension.impl.model.taskModel.GradleTaskSerialisationService$Companion: loaded 2 times (x 67B)
Class org.jetbrains.plugins.gradle.javaModel.JavaGradleManifestModel                  : loaded 2 times (x 66B)
Class kotlin.jvm.internal.StringCompanionObject                                       : loaded 2 times (x 67B)
Class kotlin.coroutines.intrinsics.IntrinsicsKt__IntrinsicsJvmKt                      : loaded 2 times (x 67B)
Class kotlin.coroutines.jvm.internal.CoroutineStackFrame                              : loaded 2 times (x 66B)
Class org.gradle.tooling.internal.adapter.ProtocolToModelAdapter$MethodInvocationCache$MethodInvocationKey: loaded 2 times (x 69B)
Class org.gradle.util.internal.GUtil                                                  : loaded 2 times (x 67B)
Class com.google.common.io.ByteSource                                                 : loaded 2 times (x 80B)
Class com.google.common.util.concurrent.AbstractFuture$SetFuture                      : loaded 2 times (x 71B)
Class com.android.utils.StringHelper                                                  : loaded 2 times (x 67B)
Class com.google.common.cache.AbstractCache$StatsCounter                              : loaded 2 times (x 66B)
Class [Lcom.amazon.ion.impl.bin.IonManagedBinaryWriter$SymbolState;                   : loaded 2 times (x 65B)
Class com.amazon.ion.impl._Private_IonWriterBase                                      : loaded 2 times (x 158B)
Class com.amazon.ion.system.IonSystemBuilder                                          : loaded 2 times (x 71B)
Class com.amazon.ion.IonCatalog                                                       : loaded 2 times (x 66B)
Class com.intellij.gradle.toolingExtension.impl.model.sourceSetModel.GradleSourceSetSerialisationService$SourceSetModelReadContext: loaded 2 times (x 68B)
Class com.intellij.gradle.toolingExtension.impl.model.utilTurnOffDefaultTasksModel.TurnOffDefaultTasks: loaded 2 times (x 66B)
Class kotlin.io.NoSuchFileException                                                   : loaded 2 times (x 78B)
Class kotlin.collections.CollectionsKt                                                : loaded 2 times (x 67B)
Class com.android.builder.model.v2.dsl.BuildType                                      : loaded 2 times (x 66B)
Class org.objectweb.asm.Context                                                       : loaded 2 times (x 68B)
Class org.objectweb.asm.tree.TypeAnnotationNode                                       : loaded 2 times (x 77B)
Class org.apache.commons.compress.archivers.zip.AbstractUnicodeExtraField             : loaded 2 times (x 89B)
Class org.apache.commons.compress.archivers.zip.Zip64RequiredException                : loaded 2 times (x 78B)
Class com.google.common.io.LineBuffer                                                 : loaded 2 times (x 71B)
Class com.google.common.io.LineReader                                                 : loaded 2 times (x 68B)
Class org.apache.commons.compress.archivers.zip.UnparseableExtraFieldBehavior         : loaded 2 times (x 66B)
Class com.intellij.gradle.toolingExtension.impl.model.sourceSetModel.GradleSourceSetSerialisationService$SourceSetModelWriteContext: loaded 2 times (x 68B)
Class kotlin.coroutines.CoroutineContext                                              : loaded 2 times (x 66B)
Class kotlin.coroutines.jvm.internal.DebugProbesKt                                    : loaded 2 times (x 67B)
Class org.gradle.tooling.internal.adapter.WeakIdentityHashMap                         : loaded 2 times (x 72B)
Class org.gradle.tooling.GradleConnectionException                                    : loaded 2 times (x 79B)
Class org.gradle.tooling.internal.adapter.ProtocolToModelAdapter$1                    : loaded 2 times (x 71B)
Class org.gradle.tooling.internal.adapter.ProtocolToModelAdapter$ViewDecoration       : loaded 2 times (x 66B)
Class org.gradle.internal.installation.GradleInstallation                             : loaded 2 times (x 71B)
Class [Lcom.google.common.hash.Hashing$ChecksumType;                                  : loaded 2 times (x 65B)
Class com.google.common.base.Splitter$Strategy                                        : loaded 2 times (x 66B)
Class org.apache.commons.compress.archivers.zip.ZipMethod                             : loaded 2 times (x 75B)
Class org.apache.commons.compress.archivers.zip.ZipSplitOutputStream                  : loaded 2 times (x 85B)
Class com.android.builder.model.v2.ide.ViewBindingOptions                             : loaded 2 times (x 66B)
Class com.intellij.gradle.toolingExtension.impl.model.sourceSetDependencyModel.GradleSourceSetDependencySerialisationService$SourceSetDependencyModelWriteContext: loaded 2 times (x 68B)
Class build_eiisl36vwyyfkt55bpdkxpzxx$_run_closure1                                   : loaded 2 times (x 135B)
Class com.amazon.ion.impl._Private_RecyclingQueue$Recycler                            : loaded 2 times (x 66B)
Class com.amazon.ion.impl.lite.ContainerlessContext                                   : loaded 2 times (x 76B)
Class org.jetbrains.plugins.gradle.tooling.serialization.GradleExtensionsSerializationService$ReadContext: loaded 2 times (x 68B)
Class org.gradle.tooling.internal.adapter.MethodInvoker                               : loaded 2 times (x 66B)
Class [Lorg.objectweb.asm.ConstantDynamic;                                            : loaded 2 times (x 65B)
Class com.android.ide.common.gradle.Part                                              : loaded 2 times (x 73B)
Class com.google.common.collect.Lists$RandomAccessReverseList                         : loaded 2 times (x 196B)
Class com.amazon.ion.UnexpectedEofException                                           : loaded 2 times (x 80B)
Class com.amazon.ion.IonSexp                                                          : loaded 2 times (x 66B)
Class com.amazon.ion.ReadOnlyValueException                                           : loaded 2 times (x 80B)
Class com.amazon.ion.impl._Private_LocalSymbolTable                                   : loaded 2 times (x 66B)
Class com.amazon.ion.BufferConfiguration$DataHandler                                  : loaded 2 times (x 66B)
Class com.amazon.ion.impl._Private_IonBinaryWriterBuilder                             : loaded 2 times (x 111B)
Class org.jetbrains.plugins.gradle.tooling.serialization.RepositoriesModelSerializationService$WriteContext: loaded 2 times (x 68B)
Class com.android.ide.gradle.model.LegacyAndroidGradlePluginProperties                : loaded 2 times (x 66B)
Class kotlin.ranges.IntProgression                                                    : loaded 2 times (x 77B)
Class kotlin.jvm.KotlinReflectionNotSupportedError                                    : loaded 2 times (x 78B)
Class org.gradle.tooling.model.gradle.GradleScript                                    : loaded 2 times (x 66B)

---------------  S Y S T E M  ---------------

OS:
 Windows 11 , 64 bit Build 26100 (10.0.26100.4520)
OS uptime: 5 days 14:12 hours
Hyper-V role detected

CPU: total 16 (initial active 16) (16 cores per cpu, 2 threads per core) family 25 model 97 stepping 2 microcode 0xa601203, cx8, cmov, fxsr, ht, mmx, 3dnowpref, sse, sse2, sse3, ssse3, sse4a, sse4.1, sse4.2, popcnt, lzcnt, tsc, tscinvbit, avx, avx2, aes, erms, clmul, bmi1, bmi2, adx, avx512f, avx512dq, avx512cd, avx512bw, avx512vl, sha, fma, vzeroupper, avx512_vpopcntdq, avx512_vpclmulqdq, avx512_vaes, avx512_vnni, clflush, clflushopt, avx512_vbmi2, avx512_vbmi, hv, rdtscp, rdpid, fsrm, gfni, avx512_bitalg, f16c, cet_ss, avx512_ifma
Processor Information for the first 16 processors :
  Max Mhz: 4201, Current Mhz: 4201, Mhz Limit: 4201

Memory: 4k page, system-wide physical 31864M (11233M free)
TotalPageFile size 54392M (AvailPageFile size 11497M)
current process WorkingSet (physical memory assigned to process): 1072M, peak: 1114M
current process commit charge ("private bytes"): 1196M, peak: 1244M

vm_info: OpenJDK 64-Bit Server VM (21.0.6+-13391695-b895.109) for windows-amd64 JRE (21.0.6+-13391695-b895.109), built on 2025-04-22T21:19:17Z by "builder" with MS VC++ 16.10 / 16.11 (VS2019)

END.
